model,label,family,class_weights,roc_auc_mean,roc_auc_std,pr_auc_mean,pr_auc_std,lift@10_mean,lift@10_std,lift@20_mean,lift@20_std,lift@30_mean,lift@30_std,gain@10_mean,gain@10_std,gain@20_mean,gain@20_std,gain@30_mean,gain@30_std,brier_mean,brier_std,fit_time_s_mean,fit_time_s_std,predict_ms_per_1k_mean,predict_ms_per_1k_std,roc_auc_fmt,pr_auc_fmt,lift@20_fmt,brier_fmt
lightgbm,LightGBM,Ensamble (boosting),True,0.803,0.0111,0.4567,0.0204,4.3676,0.1716,3.1169,0.084,2.3652,0.0503,0.4369,0.0172,0.6235,0.0168,0.7097,0.0151,0.1458,0.004,0.789,0.0286,10.7629,0.2085,0.8030 ± 0.0111,0.4567 ± 0.0204,3.1169 ± 0.0840,0.1458 ± 0.0040
xgboost,XGBoost,Ensamble (boosting),True,0.7994,0.0113,0.4541,0.0211,4.4096,0.1996,3.0729,0.0751,2.3701,0.0433,0.4411,0.02,0.6147,0.015,0.7112,0.013,0.1456,0.0034,1.1924,0.0411,5.9403,0.3835,0.7994 ± 0.0113,0.4541 ± 0.0211,3.0729 ± 0.0751,0.1456 ± 0.0034
random_forest,Random Forest,Ensamble (bagging),True,0.7975,0.0097,0.446,0.0233,4.29,0.1564,3.1012,0.0422,2.3568,0.0496,0.4291,0.0156,0.6204,0.0084,0.7072,0.0149,0.1135,0.003,2.6343,0.0961,16.7397,2.1956,0.7975 ± 0.0097,0.4460 ± 0.0233,3.1012 ± 0.0422,0.1135 ± 0.0030
mlp,Red neuronal (MLP 64-32),Redes neuronales,False,0.7892,0.012,0.4304,0.0199,4.3005,0.1318,3.0131,0.075,2.3072,0.0685,0.4302,0.0132,0.6028,0.015,0.6923,0.0206,0.0833,0.0017,1.4471,0.332,4.6364,1.0691,0.7892 ± 0.0120,0.4304 ± 0.0199,3.0131 ± 0.0750,0.0833 ± 0.0017
logreg,Regresión logística,Lineal,True,0.7756,0.008,0.4117,0.0117,4.137,0.114,2.8527,0.0895,2.2226,0.0471,0.4138,0.0114,0.5707,0.0179,0.6669,0.0141,0.18,0.0023,0.3567,0.028,4.5254,2.0566,0.7756 ± 0.0080,0.4117 ± 0.0117,2.8527 ± 0.0895,0.1800 ± 0.0023
knn,K vecinos más cercanos (k=51),Basado en instancias,False,0.7709,0.0074,0.4005,0.0196,4.0447,0.1541,2.8286,0.0556,2.203,0.0451,0.4046,0.0154,0.5659,0.0111,0.6611,0.0135,0.0853,0.0016,0.1092,0.0021,47.0942,1.4925,0.7709 ± 0.0074,0.4005 ± 0.0196,2.8286 ± 0.0556,0.0853 ± 0.0016
naive_bayes,Naive Bayes categórico,Probabilístico,False,0.7611,0.0071,0.3953,0.0191,3.8539,0.1255,2.7437,0.1051,2.1632,0.051,0.3855,0.0126,0.5489,0.021,0.6491,0.0153,0.1144,0.0033,0.1017,0.0095,3.3864,0.3663,0.7611 ± 0.0071,0.3953 ± 0.0191,2.7437 ± 0.1051,0.1144 ± 0.0033
svm_rbf,SVM RBF (submuestra 10k),Márgenes / kernels,True,0.7742,0.0068,0.3621,0.0197,4.0741,0.1733,2.9837,0.0903,2.3107,0.0664,0.4075,0.0173,0.5969,0.0181,0.6934,0.0199,,,2.4408,0.261,381.6146,48.4521,0.7742 ± 0.0068,0.3621 ± 0.0197,2.9837 ± 0.0903,n/a
tree,Árbol de decisión (prof. 6),Árboles,True,0.7544,0.0108,0.351,0.0196,3.1913,0.1448,2.7604,0.1133,2.1345,0.0661,0.3192,0.0145,0.5522,0.0227,0.6405,0.0198,0.1842,0.0033,0.1839,0.0075,3.0439,0.0746,0.7544 ± 0.0108,0.3510 ± 0.0196,2.7604 ± 0.1133,0.1842 ± 0.0033
dummy,Dummy (prior),Referencia,False,0.5,0.0,0.1172,0.0001,0.2474,0.0312,0.2799,0.0315,0.3292,0.0113,0.0247,0.0031,0.056,0.0063,0.0988,0.0034,0.1034,0.0001,0.1351,0.0037,3.3134,0.1894,0.5000 ± 0.0000,0.1172 ± 0.0001,0.2799 ± 0.0315,0.1034 ± 0.0001
