dataset,column,dtype,n_rows,n_null,n_unique,pct_unknown,min,max,mean,top_value
train_raw,age,int64,45211,0,77,0.0,18.0,95.0,40.936,32
train_raw,job,str,45211,0,12,0.64,,,,blue-collar
train_raw,marital,str,45211,0,3,0.0,,,,married
train_raw,education,str,45211,0,4,4.11,,,,secondary
train_raw,default,str,45211,0,2,0.0,,,,no
train_raw,balance,int64,45211,0,7168,0.0,-8019.0,102127.0,1362.272,0
train_raw,housing,str,45211,0,2,0.0,,,,yes
train_raw,loan,str,45211,0,2,0.0,,,,no
train_raw,contact,str,45211,0,3,28.8,,,,cellular
train_raw,day,int64,45211,0,31,0.0,1.0,31.0,15.806,20
train_raw,month,str,45211,0,12,0.0,,,,may
train_raw,duration,int64,45211,0,1573,0.0,0.0,4918.0,258.163,124
train_raw,campaign,int64,45211,0,48,0.0,1.0,63.0,2.764,1
train_raw,pdays,int64,45211,0,559,0.0,-1.0,871.0,40.198,-1
train_raw,previous,int64,45211,0,41,0.0,0.0,275.0,0.58,0
train_raw,poutcome,str,45211,0,4,81.75,,,,unknown
train_raw,y,str,45211,0,2,0.0,,,,no
train_clean,age,int64,40690,0,77,0.0,18.0,95.0,40.91,32
train_clean,job,str,40690,0,12,0.61,,,,blue-collar
train_clean,marital,str,40690,0,3,0.0,,,,married
train_clean,education,str,40690,0,4,4.1,,,,secondary
train_clean,default,str,40690,0,2,0.0,,,,no
train_clean,balance,int64,40690,0,6877,0.0,-8019.0,102127.0,1355.563,0
train_clean,housing,str,40690,0,2,0.0,,,,yes
train_clean,loan,str,40690,0,2,0.0,,,,no
train_clean,contact,str,40690,0,3,28.74,,,,cellular
train_clean,day,int64,40690,0,31,0.0,1.0,31.0,15.794,20
train_clean,month,str,40690,0,12,0.0,,,,may
train_clean,duration,int64,40690,0,1538,0.0,0.0,4918.0,257.519,124
train_clean,campaign,int64,40690,0,47,0.0,1.0,63.0,2.761,1
train_clean,pdays,int64,40690,0,544,0.0,-1.0,854.0,40.246,-1
train_clean,previous,int64,40690,0,41,0.0,0.0,275.0,0.585,0
train_clean,poutcome,str,40690,0,4,81.73,,,,unknown
train_clean,y,str,40690,0,2,0.0,,,,no
test,age,int64,4521,0,67,0.0,19.0,87.0,41.17,34
test,job,str,4521,0,12,0.84,,,,management
test,marital,str,4521,0,3,0.0,,,,married
test,education,str,4521,0,4,4.14,,,,secondary
test,default,str,4521,0,2,0.0,,,,no
test,balance,int64,4521,0,2353,0.0,-3313.0,71188.0,1422.658,0
test,housing,str,4521,0,2,0.0,,,,yes
test,loan,str,4521,0,2,0.0,,,,no
test,contact,str,4521,0,3,29.29,,,,cellular
test,day,int64,4521,0,31,0.0,1.0,31.0,15.915,20
test,month,str,4521,0,12,0.0,,,,may
test,duration,int64,4521,0,875,0.0,4.0,3025.0,263.961,123
test,campaign,int64,4521,0,32,0.0,1.0,50.0,2.794,1
test,pdays,int64,4521,0,292,0.0,-1.0,871.0,39.767,-1
test,previous,int64,4521,0,24,0.0,0.0,25.0,0.543,0
test,poutcome,str,4521,0,4,81.95,,,,unknown
test,y,str,4521,0,2,0.0,,,,no
