variable,y,n,mean,std,min,p25,median,p75,p99,max
age,no,35922,40.82,10.17,18,33.0,39.0,48.0,66.0,95
age,yes,4768,41.58,13.54,18,31.0,38.0,50.0,80.0,95
balance,no,35922,1292.64,2962.56,-8019,58.0,417.0,1342.0,12976.01,102127
balance,yes,4768,1829.65,3597.1,-3058,215.0,734.0,2156.75,13853.89,81204
day,no,35922,15.89,8.3,1,8.0,16.0,21.0,31.0,31
day,yes,4768,15.1,8.53,1,8.0,15.0,22.0,30.0,31
duration,no,35922,220.61,207.05,0,95.0,163.5,278.0,1014.0,4918
duration,yes,4768,535.61,392.77,8,242.0,423.5,720.0,1806.0,3881
campaign,no,35922,2.84,3.21,1,1.0,2.0,3.0,17.0,63
campaign,yes,4768,2.13,1.9,1,1.0,2.0,2.0,10.0,32
pdays,no,35922,36.47,96.81,-1,-1.0,-1.0,-1.0,367.0,850
pdays,yes,4768,68.71,118.49,-1,-1.0,-1.0,98.0,475.33,854
previous,no,35922,0.51,2.32,0,0.0,0.0,0.0,8.0,275
previous,yes,4768,1.18,2.6,0,0.0,0.0,1.0,11.0,58
