variable,category,n,conversions,conversion_rate,share,lift_vs_base
job,admin.,4693,573,0.1221,0.1153,1.042
job,blue-collar,8786,639,0.0727,0.2159,0.6207
job,entrepreneur,1319,108,0.0819,0.0324,0.6988
job,housemaid,1128,95,0.0842,0.0277,0.7187
job,management,8489,1170,0.1378,0.2086,1.1762
job,retired,2034,462,0.2271,0.05,1.9384
job,self-employed,1396,167,0.1196,0.0343,1.0209
job,services,3737,331,0.0886,0.0918,0.7559
job,student,854,250,0.2927,0.021,2.4982
job,technician,6829,757,0.1109,0.1678,0.946
job,unemployed,1175,189,0.1609,0.0289,1.3727
job,unknown,250,27,0.108,0.0061,0.9217
marital,divorced,4679,545,0.1165,0.115,0.994
marital,married,24417,2478,0.1015,0.6001,0.8661
marital,single,11594,1745,0.1505,0.2849,1.2844
education,primary,6173,527,0.0854,0.1517,0.7286
education,secondary,20896,2205,0.1055,0.5135,0.9005
education,tertiary,11951,1803,0.1509,0.2937,1.2875
education,unknown,1670,233,0.1395,0.041,1.1907
default,no,39951,4725,0.1183,0.9818,1.0093
default,yes,739,43,0.0582,0.0182,0.4966
housing,no,18119,3053,0.1685,0.4453,1.438
housing,yes,22571,1715,0.076,0.5547,0.6484
loan,no,34137,4327,0.1268,0.839,1.0817
loan,yes,6553,441,0.0673,0.161,0.5743
contact,cellular,26389,3953,0.1498,0.6485,1.2784
contact,telephone,2605,346,0.1328,0.064,1.1335
contact,unknown,11696,469,0.0401,0.2874,0.3422
month,apr,2639,521,0.1974,0.0649,1.6848
month,aug,5614,609,0.1085,0.138,0.9258
month,dec,194,91,0.4691,0.0048,4.0031
month,feb,2427,403,0.166,0.0596,1.4171
month,jan,1255,126,0.1004,0.0308,0.8568
month,jul,6189,566,0.0915,0.1521,0.7805
month,jun,4810,491,0.1021,0.1182,0.8711
month,mar,428,227,0.5304,0.0105,4.5262
month,may,12368,832,0.0673,0.304,0.5741
month,nov,3581,364,0.1016,0.088,0.8675
month,oct,658,286,0.4347,0.0162,3.7093
month,sep,527,252,0.4782,0.013,4.0808
poutcome,failure,4411,555,0.1258,0.1084,1.0738
poutcome,other,1643,269,0.1637,0.0404,1.3972
poutcome,success,1382,895,0.6476,0.034,5.5267
poutcome,unknown,33254,3049,0.0917,0.8173,0.7825
