variable,type,cramers_v,mutual_info,is_leakage
duration,numérica,0.3976,0.072,True
poutcome,categórica,0.3136,0.0298,False
pdays,numérica,0.035,0.0255,False
month,categórica,0.2631,0.0249,False
balance,numérica,0.1014,0.0226,False
previous,numérica,0.1238,0.0145,False
contact,categórica,0.1526,0.0139,False
age,numérica,0.1205,0.0127,False
housing,categórica,0.1429,0.0102,False
job,categórica,0.1373,0.0085,False
day,numérica,0.0728,0.0046,False
campaign,numérica,0.0779,0.0031,False
education,categórica,0.0742,0.0027,False
loan,categórica,0.0678,0.0026,False
marital,categórica,0.0666,0.0022,False
default,categórica,0.0244,0.0004,False
