variable,category,pct_FN,pct_FP,pct_TN,pct_TP
job,admin.,11.4,11.5,9.1,11.1
job,blue-collar,24.3,17.0,28.6,11.5
job,entrepreneur,5.7,3.5,4.2,2.4
job,housemaid,2.9,1.8,3.3,2.7
job,management,15.7,23.2,17.9,26.6
job,retired,8.6,5.5,2.9,10.6
job,self-employed,4.3,4.1,4.1,3.8
job,services,7.1,9.1,10.0,7.3
job,student,0.0,2.3,0.7,4.2
job,technician,20.0,17.6,16.5,15.3
job,unemployed,0.0,3.6,1.9,2.9
job,unknown,0.0,0.8,0.8,1.6
contact,cellular,35.7,83.6,32.4,86.7
contact,telephone,2.9,6.9,5.8,9.3
contact,unknown,61.4,9.5,61.8,4.0
poutcome,failure,4.3,12.4,8.3,13.3
poutcome,other,5.7,5.2,2.3,7.5
poutcome,success,0.0,2.0,0.0,18.4
poutcome,unknown,90.0,80.4,89.4,60.8
month,apr,0.0,9.4,1.2,12.4
month,aug,14.3,15.7,11.3,15.3
month,dec,0.0,0.5,0.0,2.0
month,feb,0.0,6.9,1.4,8.4
month,jan,0.0,3.3,3.3,3.5
month,jul,14.3,20.7,9.8,11.3
month,jun,17.1,8.0,17.2,9.5
month,mar,0.0,1.2,0.0,4.7
month,may,48.6,20.7,48.9,13.1
month,nov,5.7,10.1,6.9,7.8
month,oct,0.0,1.9,0.0,8.2
month,sep,0.0,1.5,0.0,3.8
housing,no,30.0,49.8,30.3,62.1
housing,yes,70.0,50.2,69.7,37.9
loan,no,81.4,86.7,79.9,93.3
loan,yes,18.6,13.3,20.1,6.7
education,primary,20.0,11.9,20.0,11.1
education,secondary,54.3,49.5,54.3,45.9
education,tertiary,22.9,34.8,20.8,39.2
education,unknown,2.9,3.7,4.9,3.8
marital,divorced,15.7,12.8,9.2,14.6
marital,married,57.1,53.2,76.4,52.5
marital,single,27.1,34.1,14.3,32.8
