model,imbalance,kind,roc_auc,pr_auc,lift@10,gain@10,lift@20,gain@20,lift@30,gain@30,brier,fold,fit_time_s,predict_ms_per_1k
lightgbm,none,tree_native,0.8080244709414872,0.4709761832913757,4.46899613531303,0.44700944386149005,3.2153692851489284,0.6432318992654774,2.412838289018772,0.7240293809024134,0.07994994233256472,0,0.7864496000001964,13.060162202027165
lightgbm,none,tree_native,0.7925132588660795,0.4379806407283586,4.269674711437565,0.42707240293809023,3.037029063786671,0.6075550891920252,2.353391548564686,0.7061909758656874,0.08279219366146631,1,0.7732771000000866,12.704669451983156
lightgbm,none,tree_native,0.8163696812856897,0.47589888362400595,4.684383354194674,0.46855345911949686,3.1543610505874655,0.6310272536687631,2.431268318060771,0.7295597484276729,0.07898001855956496,2,0.775373700000273,12.665470631551536
lightgbm,none,tree_native,0.79007201538009,0.4358278372445947,4.170882718052529,0.4171907756813417,3.044325199985577,0.6090146750524109,2.3124994634428595,0.6939203354297694,0.08310029267796182,3,0.7611974999999802,12.529872204447592
lightgbm,none,tree_native,0.8118979750015175,0.47398224864187355,4.485270862629353,0.44863731656184486,3.1596008529970794,0.6320754716981132,2.3928431003902704,0.7180293501048218,0.07993082139812555,4,0.7980933999997433,11.055640206404401
lightgbm,weights,tree_native,0.8065219820060593,0.46858970387901716,4.40605252777341,0.440713536201469,3.1891427820074196,0.6379853095487933,2.4058445548477025,0.7219307450157397,0.14160552443435143,0,0.7760686999999962,12.738264929983783
lightgbm,weights,tree_native,0.7927288181262555,0.43309524922992293,4.227712306411152,0.4228751311647429,3.06325556692818,0.6128016789087093,2.3638821498212894,0.7093389296956978,0.14596153980489063,1,0.7688349000000017,13.377881543301772
lightgbm,weights,tree_native,0.8113090819104181,0.4758776146259331,4.569107701183173,0.4570230607966457,3.122922236129783,0.6247379454926625,2.382363495571042,0.7148846960167715,0.14066001519661073,2,0.7640485000001718,12.96145244528464
lightgbm,weights,tree_native,0.7877098770620014,0.43673030823518205,4.2023215325102115,0.42033542976939203,3.023365990347122,0.6048218029350105,2.2810606489851772,0.6844863731656184,0.14906804011220728,3,0.8448900999992475,10.180462029986964
lightgbm,weights,tree_native,0.8122812807870273,0.4754774876843428,4.516709677087036,0.45178197064989517,3.1334018409490105,0.6268343815513627,2.4068159068159063,0.7222222222222222,0.14122117558097666,4,0.7941722000005029,11.133914966799711
lightgbm,smote,tree_onehot,0.807333177067474,0.4699407983458571,4.500467939082839,0.45015739769150054,3.236350487662135,0.6474291710388248,2.423328890275375,0.727177334732424,0.08047752608564332,0,2.5781878000007055,11.47934381911533
lightgbm,smote,tree_onehot,0.7929508032722363,0.4295036586611989,4.175259300128135,0.4176285414480588,3.0003119593885597,0.6002098635886673,2.3953539535910995,0.7187827911857293,0.08414699943158682,1,2.61839289999989,12.089592037366286
lightgbm,smote,tree_onehot,0.8117338261592264,0.4734364468994035,4.600546515640855,0.46016771488469604,3.143881445768238,0.6289308176100629,2.4068159068159063,0.7222222222222222,0.07959673419904764,2,2.601917400000275,11.758134676808952
lightgbm,smote,tree_onehot,0.7864744563973983,0.4313686988419243,4.097525484317937,0.40985324947589097,3.023365990347122,0.6048218029350105,2.2950334554108136,0.6886792452830188,0.08401516165268487,3,2.6086966999992,11.805394445900953
lightgbm,smote,tree_onehot,0.8107371143888351,0.47173628529759243,4.432872838533216,0.44339622641509435,3.122922236129783,0.6247379454926625,2.3928431003902704,0.7180293501048218,0.08026102122497682,4,2.592814499999804,12.12387564511561
xgboost,none,tree_onehot,0.8057156063589981,0.4623456060280866,4.385071325260202,0.4386149003147954,3.1524256776093083,0.6306400839454355,2.4023476877621683,0.720881427072403,0.0807677517825288,0,0.8903172000000268,6.355554190216896
xgboost,none,tree_onehot,0.7928692383353743,0.4273988854268907,4.185749901384739,0.41867785939139557,3.0212931619017662,0.6044071353620147,2.3568884156502206,0.7072402938090241,0.08388400602306213,1,0.8736064999993687,5.976603588092001
xgboost,none,tree_onehot,0.8116933361114611,0.46844416701204256,4.642464934917765,0.4643605870020964,3.1543610505874655,0.6310272536687631,2.4033227052094976,0.7211740041928721,0.08000286014847302,2,0.8853019999996832,6.220226099740071
xgboost,none,tree_onehot,0.7911645900743792,0.43761422810027617,4.191841927690984,0.4192872117400419,3.023365990347122,0.6048218029350105,2.302019858623632,0.6907756813417191,0.08308520626370827,3,0.899867400000403,5.715188006860363
xgboost,none,tree_onehot,0.8106759780644619,0.46537200049533356,4.474791257810125,0.44758909853249473,3.1072028289009417,0.6215932914046122,2.3928431003902704,0.7180293501048218,0.08068547159308116,4,0.9077825999993365,5.2623740476962535
xgboost,weights,tree_onehot,0.8053204143820087,0.4660527436700906,4.563411546622459,0.4564533053515215,3.1681615794942135,0.633788037775446,2.4093414219332367,0.7229800629590766,0.1432536910755271,0,0.879442299999937,6.421872695935194
xgboost,weights,tree_onehot,0.7864110040373549,0.42969633306305555,4.164768698871532,0.41657922350472193,2.984576057503655,0.5970619097586569,2.3429009473080824,0.7030430220356768,0.14869057712755585,1,0.875699700000041,6.30577537482918
xgboost,weights,tree_onehot,0.8098955050356487,0.47005571840195165,4.611026120460083,0.4612159329140461,3.1176824337201694,0.6236897274633124,2.382363495571042,0.7148846960167715,0.14301388542275867,2,0.8964931000000433,5.9373801916338484
xgboost,weights,tree_onehot,0.7879479293608439,0.43252997452301084,4.233760346967894,0.42348008385744235,3.012886385527895,0.6027253668763103,2.3090062618364504,0.6928721174004193,0.1499803298900023,3,0.8994124000000738,5.719648562269521
xgboost,weights,tree_onehot,0.8072592016734135,0.4722300958118777,4.474791257810125,0.44758909853249473,3.0810038168528733,0.6163522012578616,2.4068159068159063,0.7222222222222222,0.14305762951672385,4,0.9036893000002237,5.789567461350801
xgboost,smote,tree_onehot,0.8081239991500305,0.4659506926776007,4.489977337826236,0.4491080797481637,3.257331690175342,0.6516264428121721,2.3988508206766337,0.7198321091290661,0.08052581757024779,0,2.206745999999839,6.036999262699127
xgboost,smote,tree_onehot,0.7923223078276782,0.43085142355935435,4.185749901384739,0.41867785939139557,3.042274364414973,0.608604407135362,2.3708758839923583,0.7114375655823715,0.08374702403575197,1,2.161386799999491,6.866023593006602
xgboost,smote,tree_onehot,0.8098381623734083,0.46594889503890163,4.6634241445562195,0.46645702306079667,3.07576401444326,0.6153039832285115,2.389349898783861,0.7169811320754716,0.08020264954281038,2,2.2004940000006172,6.076566723975748
xgboost,smote,tree_onehot,0.7845887874522,0.4331764078720955,4.191841927690984,0.4192872117400419,3.007646583118281,0.6016771488469602,2.326472269868496,0.6981132075471698,0.0838546866972304,3,2.1870490999999674,6.294470385861071
xgboost,smote,tree_onehot,0.8088414506030173,0.46113334391516264,4.390954419256306,0.4392033542976939,3.1124426313105555,0.6226415094339622,2.3788702939646336,0.7138364779874213,0.08095104495383405,4,2.180477300000348,6.006549520788344
random_forest,none,tree_onehot,0.800791114168275,0.44802925285905637,4.34310892023379,0.43441762854144805,3.1471803769810065,0.6295907660020986,2.3883602194200306,0.7166841552990556,0.08152727623549853,0,2.354446199999984,17.51833374298096
random_forest,none,tree_onehot,0.7866854185697878,0.4253545697770166,4.185749901384739,0.41867785939139557,3.058010266299878,0.6117523609653726,2.321919744794876,0.6967471143756558,0.083311010520948,1,2.2550473000001148,17.838228065844575
random_forest,none,tree_onehot,0.8109097260158844,0.46826394120899917,4.422393233713988,0.44234800838574423,3.1753202602259205,0.6352201257861635,2.410309108422316,0.7232704402515723,0.08018968045814717,2,2.2727483999997276,16.228201032149915
random_forest,none,tree_onehot,0.7918671471193849,0.43211587535410295,4.1604031132333015,0.4161425576519916,3.091483421672101,0.6184486373165619,2.3124994634428595,0.6939203354297694,0.08319611766984589,3,2.2892062000000806,16.184222167628956
random_forest,none,tree_onehot,0.8054456852637821,0.482371106211136,4.4957504674485795,0.449685534591195,3.1543610505874655,0.6310272536687631,2.3753770923582245,0.7127882599580713,0.07959341478828369,4,2.2876342999998087,16.361968542595083
random_forest,weights,tree_onehot,0.7993311237048737,0.45064832476442435,4.385071325260202,0.4386149003147954,3.1314444750961012,0.6264428121720882,2.3953539535910995,0.7187827911857293,0.112477922727733,0,2.558008800000607,17.450774145911186
random_forest,weights,tree_onehot,0.7875079319527902,0.4226660028619961,4.091334490075309,0.4092339979013641,3.06325556692818,0.6128016789087093,2.339404080222548,0.70199370409234,0.11629631281607405,1,2.5607070999994903,17.635672155326695
random_forest,weights,tree_onehot,0.8087350821532125,0.4640606940751552,4.4119136288947605,0.4412997903563941,3.143881445768238,0.6289308176100629,2.3928431003902704,0.7180293501048218,0.11112450375254605,2,2.5882931000005556,15.964168100181162
random_forest,weights,tree_onehot,0.7874301674347374,0.42102672697522614,4.149923508414075,0.41509433962264153,3.0495650023951906,0.610062893081761,2.2775674473787677,0.6834381551362684,0.1169925742848451,3,2.5390804000007847,17.668763824001125
random_forest,weights,tree_onehot,0.8043824384959822,0.4716656831609682,4.4119136288947605,0.4412997903563941,3.1176824337201694,0.6236897274633124,2.3788702939646336,0.7138364779874213,0.11037085582435105,4,2.587483600000269,16.334689112800675
random_forest,smote,tree_onehot,0.7981930847245741,0.4492520679615183,4.353599521490392,0.4354669464847849,3.09472737069799,0.6190975865687304,2.3883602194200306,0.7166841552990556,0.08568038561140087,0,5.252883699999984,17.981727697212925
random_forest,smote,tree_onehot,0.7866385388119852,0.4166613354494297,4.0598626863054985,0.4060860440713536,3.068500867556481,0.6138509968520461,2.353391548564686,0.7061909758656874,0.08902611017147202,1,5.303551399999378,17.76789137386523
random_forest,smote,tree_onehot,0.8044778636896341,0.45710568825335407,4.307117580702487,0.4308176100628931,3.122922236129783,0.6247379454926625,2.3858566971774517,0.7159329140461216,0.08480672400271307,2,5.2539208999996845,15.503919882039042
random_forest,smote,tree_onehot,0.7811440692804416,0.40217908909037964,4.055607065041027,0.4056603773584906,2.9604883614317576,0.5922431865828093,2.288047052197996,0.6865828092243187,0.09038797906725127,3,5.318990299999314,16.018223150667293
random_forest,smote,tree_onehot,0.8005250136571835,0.4542573126422111,4.338556395160169,0.4339622641509434,3.122922236129783,0.6247379454926625,2.3579110843261786,0.7075471698113207,0.08488482674986891,4,5.320984599999974,16.34922585406325
