model,imbalance,kind,roc_auc_mean,roc_auc_std,pr_auc_mean,pr_auc_std,lift@10_mean,lift@10_std,lift@20_mean,lift@20_std,lift@30_mean,lift@30_std,gain@10_mean,gain@10_std,gain@20_mean,gain@20_std,gain@30_mean,gain@30_std,brier_mean,brier_std,fit_time_s_mean,fit_time_s_std,predict_ms_per_1k_mean,predict_ms_per_1k_std,roc_auc_fmt,pr_auc_fmt,lift@20_fmt,brier_fmt
lightgbm,none,tree_native,0.8038,0.0118,0.4589,0.0202,4.4158,0.2007,3.1221,0.0782,2.3806,0.0478,0.4417,0.0201,0.6246,0.0156,0.7143,0.0143,0.081,0.0019,0.7789,0.014,12.4032,0.7783,0.8038 ± 0.0118,0.4589 ± 0.0202,3.1221 ± 0.0782,0.0810 ± 0.0019
lightgbm,weights,tree_native,0.8021,0.0112,0.458,0.0213,4.3844,0.1657,3.1064,0.0644,2.368,0.0518,0.4385,0.0166,0.6214,0.0129,0.7106,0.0155,0.1437,0.0037,0.7896,0.033,12.0784,1.36,0.8021 ± 0.0112,0.4580 ± 0.0213,3.1064 ± 0.0644,0.1437 ± 0.0037
lightgbm,smote,tree_onehot,0.8018,0.0114,0.4552,0.0226,4.3613,0.2156,3.1054,0.0958,2.3827,0.0504,0.4362,0.0216,0.6212,0.0192,0.715,0.0151,0.0817,0.0022,2.6,0.0154,11.8513,0.2647,0.8018 ± 0.0114,0.4552 ± 0.0226,3.1054 ± 0.0958,0.0817 ± 0.0022
xgboost,none,tree_onehot,0.8024,0.0098,0.4522,0.0185,4.376,0.1943,3.0917,0.0661,2.3715,0.0432,0.4377,0.0194,0.6185,0.0132,0.7116,0.013,0.0817,0.0017,0.8914,0.0132,5.906,0.4349,0.8024 ± 0.0098,0.4522 ± 0.0185,3.0917 ± 0.0661,0.0817 ± 0.0017
xgboost,weights,tree_onehot,0.7994,0.0113,0.4541,0.0211,4.4096,0.1996,3.0729,0.0751,2.3701,0.0433,0.4411,0.02,0.6147,0.015,0.7112,0.013,0.1456,0.0034,0.8909,0.0125,6.0348,0.3131,0.7994 ± 0.0113,0.4541 ± 0.0211,3.0729 ± 0.0751,0.1456 ± 0.0034
xgboost,smote,tree_onehot,0.8007,0.0116,0.4514,0.0178,4.3844,0.2035,3.0991,0.0966,2.3729,0.028,0.4385,0.0204,0.62,0.0193,0.712,0.0084,0.0819,0.0018,2.1872,0.0178,6.2561,0.3592,0.8007 ± 0.0116,0.4514 ± 0.0178,3.0991 ± 0.0966,0.0819 ± 0.0018
random_forest,none,tree_onehot,0.7991,0.0099,0.4512,0.024,4.3215,0.1461,3.1253,0.0487,2.3617,0.0426,0.4323,0.0146,0.6252,0.0097,0.7087,0.0128,0.0816,0.0017,2.2918,0.0376,16.8262,0.7887,0.7991 ± 0.0099,0.4512 ± 0.0240,3.1253 ± 0.0487,0.0816 ± 0.0017
random_forest,weights,tree_onehot,0.7975,0.0097,0.446,0.0233,4.29,0.1564,3.1012,0.0422,2.3568,0.0496,0.4291,0.0156,0.6204,0.0084,0.7072,0.0149,0.1135,0.003,2.5667,0.0211,17.0108,0.8015,0.7975 ± 0.0097,0.4460 ± 0.0233,3.1012 ± 0.0422,0.1135 ± 0.0030
random_forest,smote,tree_onehot,0.7942,0.0099,0.4359,0.0249,4.2229,0.1518,3.0739,0.0673,2.3547,0.0405,0.4224,0.0152,0.6149,0.0135,0.7066,0.0122,0.087,0.0026,5.2901,0.0341,16.7242,1.0953,0.7942 ± 0.0099,0.4359 ± 0.0249,3.0739 ± 0.0673,0.0870 ± 0.0026
