feature,coef,odds_ratio,abs_coef
month_mar,1.0241,2.7847,1.0241
month_nov,-0.9813,0.3748,0.9813
month_dec,0.9444,2.5712,0.9444
age_group_65+,0.9399,2.5598,0.9399
month_jan,-0.8445,0.4298,0.8445
month_oct,0.6665,1.9475,0.6665
month_may,-0.6107,0.5429,0.6107
month_sep,0.5512,1.7353,0.5512
month_aug,-0.4545,0.6348,0.4545
month_jun,0.4301,1.5374,0.4301
balance_log,0.3906,1.4779,0.3906
prev_campaign_success,0.3696,1.4471,0.3696
contact_known,0.3595,1.4326,0.3595
age_group_35-44,-0.3345,0.7157,0.3345
age_group_45-54,-0.3306,0.7185,0.3306
job_unknown,-0.3142,0.7304,0.3142
job_housemaid,-0.2901,0.7482,0.2901
season_summer,-0.2894,0.7487,0.2894
job_student,0.2863,1.3315,0.2863
age_group_25-34,-0.2742,0.7602,0.2742
contact_cellular,0.267,1.3061,0.267
month_jul,-0.265,0.7672,0.265
job_unemployed,0.2618,1.2993,0.2618
season_autumn,0.2364,1.2667,0.2364
month_feb,-0.2348,0.7908,0.2348
season_spring,0.2329,1.2623,0.2329
balance_negative,0.2293,1.2578,0.2293
campaign_w,-0.2062,0.8137,0.2062
month_apr,-0.1805,0.8348,0.1805
poutcome_failure,-0.1784,0.8366,0.1784
housing_no,0.1768,1.1934,0.1768
education_tertiary,0.165,1.1794,0.165
education_primary,-0.1557,0.8558,0.1557
marital_married,-0.1518,0.8592,0.1518
contact_unknown,-0.1497,0.8609,0.1497
season_winter,-0.1349,0.8738,0.1349
job_retired,0.1335,1.1428,0.1335
housing_yes,-0.1318,0.8765,0.1318
poutcome_unknown,0.1313,1.1404,0.1313
default_yes,0.1272,1.1357,0.1272
age_group_<25,0.1167,1.1238,0.1167
marital_single,0.1137,1.1204,0.1137
n_credit_products,-0.1126,0.8935,0.1126
job_admin.,0.1083,1.1144,0.1083
balance_zero,0.0935,1.098,0.0935
age,-0.0894,0.9145,0.0894
marital_divorced,0.0831,1.0867,0.0831
default_no,-0.0822,0.9211,0.0822
loan_no,0.0806,1.084,0.0806
age_group_55-64,-0.0724,0.9302,0.0724
contact_telephone,-0.0723,0.9303,0.0723
poutcome_success,0.0685,1.0709,0.0685
previous_w,0.0683,1.0707,0.0683
job_entrepreneur,-0.0679,0.9343,0.0679
education_unknown,0.0673,1.0696,0.0673
previously_contacted,0.0478,1.049,0.0478
job_self-employed,-0.042,0.9589,0.042
loan_yes,-0.0356,0.965,0.0356
day_sin,0.0332,1.0338,0.0332
education_secondary,-0.0315,0.969,0.0315
poutcome_other,0.0236,1.0239,0.0236
job_management,-0.0206,0.9796,0.0206
job_services,-0.0163,0.9838,0.0163
job_technician,0.0149,1.015,0.0149
job_blue-collar,-0.0086,0.9914,0.0086
day_cos,-0.0004,0.9996,0.0004
pdays_clean,0.0001,1.0001,0.0001
