segment_var,segment,n,conversions,conversion_rate,roc_auc,pr_auc,recall_at_thr,precision_at_thr,mean_score,reliable
age_group,65+,89,32,0.3596,0.6179,0.5325,1.0,0.3596,0.4014,True
age_group,<25,67,13,0.194,0.6795,0.3463,0.9231,0.2222,0.2077,False
age_group,25-34,1405,165,0.1174,0.7604,0.4109,0.8909,0.1498,0.1196,True
age_group,45-54,1008,114,0.1131,0.7806,0.4504,0.7895,0.1734,0.0913,True
age_group,55-64,496,60,0.121,0.7879,0.461,0.85,0.1729,0.1232,True
age_group,35-44,1456,137,0.0941,0.7938,0.4479,0.8686,0.1444,0.0976,True
contact,unknown,1324,61,0.0461,0.6459,0.0973,0.2951,0.0756,0.0415,True
contact,cellular,2896,416,0.1436,0.7752,0.4628,0.9399,0.1683,0.1444,True
contact,telephone,301,44,0.1462,0.8433,0.5831,0.9545,0.209,0.1326,True
job,entrepreneur,168,15,0.0893,0.658,0.3034,0.7333,0.1183,0.0698,False
job,blue-collar,946,69,0.0729,0.7274,0.2734,0.7536,0.1166,0.073,True
job,self-employed,183,20,0.1093,0.7344,0.4036,0.85,0.1532,0.0965,True
job,retired,230,54,0.2348,0.7498,0.4832,0.8889,0.2743,0.2181,True
job,housemaid,112,14,0.125,0.758,0.3016,0.8571,0.2222,0.1033,False
job,technician,768,83,0.1081,0.7603,0.3822,0.8313,0.1453,0.1118,True
job,admin.,478,58,0.1213,0.7654,0.4546,0.8621,0.1582,0.1258,True
job,management,969,131,0.1352,0.8036,0.5176,0.916,0.1832,0.1267,True
job,student,84,19,0.2262,0.8049,0.5376,1.0,0.2603,0.2758,False
job,services,417,38,0.0911,0.8167,0.553,0.8684,0.1358,0.0857,True
job,unknown,38,7,0.1842,0.9032,0.6359,1.0,0.28,0.1752,False
job,unemployed,128,13,0.1016,0.9472,0.753,1.0,0.1354,0.1434,False
