feature,label,mean_abs_shap,share_pct
month,Mes,0.26407,14.89619
contact,Tipo de contacto,0.20624,11.63367
contact_known,Canal conocido,0.1944,10.96597
balance_log,Saldo (log),0.1362,7.68279
n_credit_products,Nº de préstamos,0.11944,6.73764
marital,Estado civil,0.11246,6.34396
day_sin,Día (seno),0.10701,6.03645
prev_campaign_success,Éxito previo,0.09437,5.32355
age,Edad,0.09118,5.14348
campaign_w,Contactos en campaña,0.08933,5.03928
housing,Hipoteca,0.0535,3.01763
day_cos,Día (coseno),0.05247,2.9596
pdays_clean,Días desde contacto previo,0.05134,2.89586
poutcome,Resultado previo,0.04679,2.63934
job,Ocupación,0.03864,2.17984
education,Educación,0.03215,1.81361
season,Estación,0.0299,1.68655
loan,Préstamo personal,0.01931,1.08906
age_group,Grupo de edad,0.01222,0.68946
previous_w,Contactos previos,0.00867,0.48919
previously_contacted,Contactado antes,0.0062,0.34988
balance_negative,Saldo negativo,0.0035,0.1976
default,Impagos,0.00188,0.10619
balance_zero,Saldo cero,0.00147,0.08318
