threshold,contacted,contacted_pct,tp,fp,fn,precision,recall,f1,profit
0.005,40690,100.0,4768,35922,0,0.11718,1.0,0.20978,54670.0
0.01,40690,100.0,4768,35922,0,0.11718,1.0,0.20978,54670.0
0.015,40657,99.9189,4766,35891,2,0.11722,0.99958,0.20984,54663.0
0.0194,40288,99.01204,4762,35526,6,0.1182,0.99874,0.21138,54952.0
0.02,40177,98.73925,4761,35416,7,0.1185,0.99853,0.21186,55043.0
0.0214,39872,97.98968,4753,35119,15,0.11921,0.99685,0.21295,55188.0
0.0229,39465,96.98943,4747,34718,21,0.12028,0.9956,0.21464,55475.0
0.0242,39076,96.03342,4734,34342,34,0.12115,0.99287,0.21595,55604.0
0.025,38798,95.35021,4730,34068,38,0.12191,0.99203,0.21714,55802.0
0.0254,38664,95.02089,4727,33937,41,0.12226,0.9914,0.21767,55876.0
0.0264,38253,94.01081,4719,33534,49,0.12336,0.98972,0.21938,56127.0
0.0274,37823,92.95404,4710,33113,58,0.12453,0.98784,0.22117,56377.0
0.0284,37413,91.94642,4700,32713,68,0.12562,0.98574,0.22285,56587.0
0.0293,37017,90.97321,4685,32332,83,0.12656,0.98259,0.22424,56683.0
0.03,36646,90.06144,4673,31973,95,0.12752,0.98008,0.22567,56814.0
0.0301,36606,89.96314,4671,31935,97,0.1276,0.97966,0.22579,56814.0
0.0309,36222,89.01942,4666,31556,102,0.12882,0.97861,0.22767,57098.0
0.0317,35805,87.99459,4657,31148,111,0.13007,0.97672,0.22956,57335.0
0.0324,35392,86.9796,4642,30750,126,0.13116,0.97357,0.23118,57448.0
0.0332,34972,85.94741,4623,30349,145,0.13219,0.96959,0.23266,57488.0
0.0339,34566,84.94962,4612,29954,156,0.13343,0.96728,0.2345,57674.0
0.0345,34186,84.01573,4599,29587,169,0.13453,0.96456,0.23612,57794.0
0.035,33899,83.3104,4592,29307,176,0.13546,0.96309,0.23752,57941.0
0.0352,33776,83.00811,4584,29192,184,0.13572,0.96141,0.23786,57904.0
0.0359,33373,82.01769,4574,28799,194,0.13706,0.95931,0.23985,58107.0
0.0366,32959,81.00025,4561,28398,207,0.13838,0.95659,0.24179,58261.0
0.0373,32547,79.98771,4547,28000,221,0.13971,0.95365,0.24371,58393.0
0.0379,32148,79.00713,4530,27618,238,0.14091,0.95008,0.24542,58452.0
0.0386,31739,78.00197,4514,27225,254,0.14222,0.94673,0.2473,58541.0
0.0393,31298,76.91816,4500,26798,268,0.14378,0.94379,0.24954,58702.0
0.0399,30908,75.9597,4488,26420,280,0.14521,0.94128,0.2516,58852.0
0.04,30856,75.8319,4485,26371,283,0.14535,0.94065,0.2518,58844.0
0.0405,30539,75.05284,4471,26068,297,0.1464,0.93771,0.25326,58881.0
0.0412,30122,74.02802,4455,25667,313,0.1479,0.93435,0.25537,58978.0
0.0419,29713,73.02286,4441,25272,327,0.14946,0.93142,0.25759,59107.0
0.0426,29297,72.00049,4432,24865,336,0.15128,0.92953,0.26021,59343.0
0.0433,28897,71.01745,4421,24476,347,0.15299,0.92722,0.26265,59523.0
0.044,28460,69.94348,4398,24062,370,0.15453,0.9224,0.26472,59500.0
0.0447,28088,69.02925,4383,23705,385,0.15605,0.91925,0.2668,59572.0
0.045,27934,68.65077,4378,23556,390,0.15673,0.9182,0.26775,59626.0
0.0455,27647,67.94544,4366,23281,402,0.15792,0.91569,0.26938,59673.0
0.0462,27245,66.95748,4344,22901,424,0.15944,0.91107,0.27139,59635.0
0.0469,26861,66.01376,4324,22537,444,0.16098,0.90688,0.27342,59619.0
0.0476,26462,65.03318,4303,22159,465,0.16261,0.90247,0.27557,59598.0
0.0484,26023,63.95429,4286,21737,482,0.1647,0.89891,0.27839,59697.0
0.0491,25647,63.03023,4268,21379,500,0.16641,0.89513,0.28065,59713.0
0.0499,25251,62.05702,4250,21001,518,0.16831,0.89136,0.28315,59749.0
0.05,25188,61.90219,4248,20940,520,0.16865,0.89094,0.28362,59772.0
0.0508,24801,60.95109,4226,20575,542,0.1704,0.88633,0.28584,59719.0
0.0516,24388,59.9361,4201,20187,567,0.17226,0.88108,0.28817,59632.0
0.0524,23992,58.96289,4178,19814,590,0.17414,0.87626,0.29054,59568.0
0.0533,23578,57.94544,4155,19423,613,0.17622,0.87143,0.29316,59522.0
0.0541,23206,57.03121,4139,19067,629,0.17836,0.86808,0.29592,59574.0
0.055,22815,56.07029,4119,18696,649,0.18054,0.86388,0.29866,59565.0
0.0551,22767,55.95232,4116,18651,652,0.18079,0.86326,0.29896,59553.0
0.056,22387,55.01843,4095,18292,673,0.18292,0.85885,0.3016,59513.0
0.057,21976,54.00836,4079,17897,689,0.18561,0.85549,0.30504,59604.0
0.058,21551,52.96387,4054,17497,714,0.18811,0.85025,0.30807,59529.0
0.0589,21158,51.99803,4033,17125,735,0.19061,0.84585,0.31112,59502.0
0.0599,20765,51.03219,4015,16750,753,0.19335,0.84207,0.31449,59535.0
0.06,20728,50.94126,4012,16716,756,0.19355,0.84144,0.31472,59512.0
0.061,20352,50.0172,3997,16355,771,0.19639,0.8383,0.31823,59588.0
0.0622,19945,49.01696,3969,15976,799,0.199,0.83242,0.32121,59435.0
0.0633,19513,47.95527,3940,15573,828,0.20192,0.82634,0.32453,59287.0
0.0644,19120,46.98943,3910,15210,858,0.2045,0.82005,0.32736,59080.0
0.065,18928,46.51757,3900,15028,868,0.20604,0.81795,0.32917,59072.0
0.0656,18711,45.98427,3890,14821,878,0.2079,0.81586,0.33136,59089.0
0.0667,18321,45.0258,3861,14460,907,0.21074,0.80977,0.33444,58899.0
0.0679,17921,44.04276,3825,14096,943,0.21344,0.80222,0.33717,58579.0
0.0693,17495,42.99582,3804,13691,964,0.21743,0.79782,0.34173,58585.0
0.07,17287,42.48464,3798,13489,970,0.2197,0.79656,0.34441,58673.0
0.0706,17098,42.02015,3788,13310,980,0.22155,0.79446,0.34647,58662.0
0.0721,16690,41.01745,3763,12927,1005,0.22546,0.78922,0.35073,58570.0
0.0735,16284,40.01966,3728,12556,1040,0.22894,0.78188,0.35417,58276.0
0.075,15881,39.02925,3693,12188,1075,0.23254,0.77454,0.35769,57979.0
0.0766,15472,38.02408,3669,11803,1099,0.23714,0.76951,0.36255,57908.0
0.0782,15063,37.01892,3650,11413,1118,0.24232,0.76552,0.36811,57937.0
0.0799,14641,35.98181,3612,11029,1156,0.2467,0.75755,0.3722,57599.0
0.08,14617,35.92283,3612,11005,1156,0.24711,0.75755,0.37266,57623.0
0.0817,14235,34.98403,3586,10649,1182,0.25191,0.7521,0.37741,57485.0
0.0835,13823,33.97149,3558,10265,1210,0.2574,0.74622,0.38277,57337.0
0.085,13519,33.22438,3530,9989,1238,0.26111,0.74035,0.38607,57081.0
0.0855,13427,32.99828,3516,9911,1252,0.26186,0.73742,0.38648,56893.0
0.0875,13028,32.01769,3479,9549,1289,0.26704,0.72966,0.39099,56552.0
0.0896,12617,31.00762,3446,9171,1322,0.27312,0.72273,0.39643,56303.0
0.09,12542,30.8233,3438,9104,1330,0.27412,0.72106,0.39723,56218.0
0.0919,12210,30.00737,3411,8799,1357,0.27936,0.71539,0.40181,56010.0
0.0943,11803,29.00713,3377,8426,1391,0.28611,0.70826,0.40758,55737.0
0.095,11690,28.72942,3363,8327,1405,0.28768,0.70533,0.40868,55570.0
0.0967,11399,28.01425,3333,8066,1435,0.29239,0.69904,0.41232,55261.0
0.0995,10986,26.99926,3299,7687,1469,0.30029,0.6919,0.41881,54994.0
0.1,10931,26.86409,3288,7643,1480,0.3008,0.6896,0.41888,54829.0
0.1027,10584,26.0113,3254,7330,1514,0.30745,0.68247,0.42392,54496.0
0.105,10307,25.33055,3239,7068,1529,0.31425,0.67932,0.42972,54473.0
0.106,10169,24.9914,3232,6937,1536,0.31783,0.67785,0.43275,54471.0
0.1097,9763,23.99361,3197,6566,1571,0.32746,0.67051,0.44002,54177.0
0.11,9733,23.91988,3191,6542,1577,0.32785,0.66925,0.44011,54087.0
0.1134,9360,23.00319,3146,6214,1622,0.33611,0.65982,0.44536,53560.0
0.115,9219,22.65667,3133,6086,1635,0.33984,0.65709,0.44799,53441.0
0.1182,8952,22.00049,3104,5848,1664,0.34674,0.65101,0.45248,53128.0
0.12,8812,21.65643,3086,5726,1682,0.3502,0.64723,0.45449,52908.0
0.1232,8548,21.00762,3059,5489,1709,0.35786,0.64157,0.45945,52632.0
0.125,8411,20.67093,3044,5367,1724,0.36191,0.63842,0.46195,52469.0
0.1287,8141,20.00737,3010,5131,1758,0.36973,0.63129,0.46634,52059.0
0.13,8070,19.83288,3000,5070,1768,0.37175,0.62919,0.46736,51930.0
0.135,7749,19.04399,2958,4791,1810,0.38173,0.62039,0.47264,51411.0
0.1352,7735,19.00958,2955,4780,1813,0.38203,0.61976,0.47269,51365.0
0.14,7468,18.3534,2917,4551,1851,0.3906,0.61179,0.47679,50872.0
0.1426,7323,17.99705,2894,4429,1874,0.39519,0.60696,0.4787,50557.0
0.145,7210,17.71934,2874,4336,1894,0.39861,0.60277,0.47988,50270.0
0.15,6963,17.11231,2835,4128,1933,0.40715,0.59459,0.48333,49737.0
0.1516,6918,17.00172,2827,4091,1941,0.40864,0.59291,0.48383,49622.0
0.155,6781,16.66503,2806,3975,1962,0.4138,0.58851,0.48593,49339.0
0.16,6637,16.31113,2788,3849,1980,0.42007,0.58473,0.48891,49123.0
0.1643,6511,16.00147,2775,3736,1993,0.4262,0.58201,0.49206,48989.0
0.165,6488,15.94495,2773,3715,1995,0.4274,0.58159,0.49271,48972.0
0.17,6347,15.59843,2740,3607,2028,0.4317,0.57466,0.49303,48453.0
0.175,6218,15.2814,2710,3508,2058,0.43583,0.56837,0.49336,47982.0
0.18,6109,15.01352,2687,3422,2081,0.43984,0.56355,0.49407,47631.0
0.1801,6103,14.99877,2685,3418,2083,0.43995,0.56313,0.49397,47597.0
0.185,5989,14.7186,2669,3320,2099,0.44565,0.55977,0.49624,47391.0
0.19,5873,14.43352,2642,3231,2126,0.44986,0.55411,0.49657,46967.0
0.195,5787,14.22217,2624,3163,2144,0.45343,0.55034,0.49721,46693.0
0.2,5702,14.01327,2600,3102,2168,0.45598,0.5453,0.49666,46298.0
0.2003,5695,13.99607,2599,3096,2169,0.45637,0.54509,0.4968,46285.0
0.205,5612,13.79209,2582,3030,2186,0.46009,0.54153,0.4975,46028.0
0.21,5532,13.59548,2560,2972,2208,0.46276,0.53691,0.49709,45668.0
0.215,5437,13.36201,2540,2897,2228,0.46717,0.53272,0.4978,45363.0
0.22,5377,13.21455,2521,2856,2247,0.46885,0.52873,0.49699,45043.0
0.225,5302,13.03023,2499,2803,2269,0.47133,0.52412,0.49633,44678.0
0.2255,5290,13.00074,2494,2796,2274,0.47146,0.52307,0.49592,44590.0
0.23,5207,12.79676,2474,2733,2294,0.47513,0.51888,0.49604,44273.0
0.235,5148,12.65176,2455,2693,2313,0.47688,0.51489,0.49516,43952.0
0.24,5073,12.46744,2430,2643,2338,0.47901,0.50965,0.49385,43527.0
0.245,5001,12.29049,2412,2589,2356,0.4823,0.50587,0.49381,43239.0
0.25,4939,12.13812,2393,2546,2375,0.48451,0.50189,0.49305,42921.0
0.2549,4884,12.00295,2373,2511,2395,0.48587,0.49769,0.49171,42576.0
0.255,4881,11.99558,2372,2509,2396,0.48597,0.49748,0.49166,42559.0
0.26,4798,11.79159,2340,2458,2428,0.4877,0.49077,0.48923,42002.0
0.265,4740,11.64905,2324,2416,2444,0.4903,0.48742,0.48885,41740.0
0.27,4673,11.48439,2308,2365,2460,0.4939,0.48406,0.48893,41487.0
0.275,4593,11.28779,2273,2320,2495,0.49488,0.47672,0.48563,40867.0
0.28,4535,11.14524,2257,2278,2511,0.49768,0.47336,0.48522,40605.0
0.284,4475,10.99779,2235,2240,2533,0.49944,0.46875,0.48361,40225.0
0.285,4459,10.95847,2232,2227,2536,0.50056,0.46812,0.4838,40181.0
0.29,4394,10.79872,2215,2179,2553,0.5041,0.46456,0.48352,39906.0
0.295,4336,10.65618,2194,2142,2574,0.506,0.46015,0.48199,39544.0
0.3,4265,10.48169,2174,2091,2594,0.50973,0.45596,0.48135,39215.0
0.305,4201,10.3244,2146,2055,2622,0.51083,0.45008,0.47854,38719.0
0.31,4132,10.15483,2120,2012,2648,0.51307,0.44463,0.4764,38268.0
0.315,4076,10.0172,2103,1973,2665,0.51595,0.44107,0.47558,37984.0
0.3156,4070,10.00246,2101,1969,2667,0.51622,0.44065,0.47545,37950.0
0.32,4003,9.8378,2084,1919,2684,0.52061,0.43708,0.4752,37677.0
0.325,3931,9.66085,2061,1870,2707,0.52429,0.43226,0.47385,37289.0
0.33,3853,9.46916,2032,1821,2736,0.52738,0.42617,0.47141,36787.0
0.335,3798,9.33399,2011,1787,2757,0.52949,0.42177,0.46953,36422.0
0.34,3727,9.1595,1982,1745,2786,0.5318,0.41569,0.46663,35913.0
0.3448,3662,8.99975,1955,1707,2813,0.53386,0.41003,0.46382,35438.0
0.345,3659,8.99238,1955,1704,2813,0.5343,0.41003,0.46398,35441.0
0.35,3588,8.81789,1924,1664,2844,0.53623,0.40352,0.46051,34892.0
0.355,3534,8.68518,1896,1638,2872,0.5365,0.39765,0.45676,34386.0
0.36,3459,8.50086,1866,1593,2902,0.53946,0.39136,0.45363,33861.0
0.365,3398,8.35095,1849,1549,2919,0.54414,0.38779,0.45285,33582.0
0.37,3339,8.20595,1829,1510,2939,0.54777,0.3836,0.45121,33241.0
0.375,3272,8.04129,1801,1471,2967,0.55043,0.37773,0.44801,32748.0
0.376,3256,8.00197,1794,1462,2974,0.55098,0.37626,0.44716,32624.0
0.38,3201,7.8668,1772,1429,2996,0.55358,0.37164,0.44472,32239.0
0.385,3147,7.73409,1748,1399,3020,0.55545,0.36661,0.44169,31813.0
0.39,3084,7.57926,1722,1362,3046,0.55837,0.36116,0.43861,31356.0
0.395,3019,7.41951,1696,1323,3072,0.56178,0.3557,0.4356,30901.0
0.4,2959,7.27206,1674,1285,3094,0.56573,0.35109,0.43329,30521.0
0.405,2889,7.10002,1644,1245,3124,0.56906,0.3448,0.42941,29991.0
0.408,2848,6.99926,1625,1223,3143,0.57058,0.34081,0.42673,29652.0
0.41,2822,6.93536,1616,1206,3152,0.57264,0.33893,0.42582,29498.0
0.415,2746,6.74859,1583,1163,3185,0.57647,0.33201,0.42135,28914.0
0.42,2686,6.60113,1556,1130,3212,0.5793,0.32634,0.41749,28434.0
0.425,2620,6.43893,1530,1090,3238,0.58397,0.32089,0.41419,27980.0
0.43,2559,6.28901,1506,1053,3262,0.58851,0.31586,0.41108,27561.0
0.435,2483,6.10224,1474,1009,3294,0.59364,0.30914,0.40656,26997.0
0.439,2441,5.99902,1450,991,3318,0.59402,0.30411,0.40227,26559.0
0.44,2431,5.97444,1446,985,3322,0.59482,0.30327,0.40172,26489.0
0.445,2377,5.84173,1420,957,3348,0.59739,0.29782,0.39748,26023.0
0.45,2314,5.6869,1389,925,3379,0.60026,0.29132,0.39226,25466.0
0.455,2256,5.54436,1366,890,3402,0.6055,0.28649,0.38895,25064.0
0.46,2190,5.38216,1336,854,3432,0.61005,0.2802,0.38402,24530.0
0.465,2128,5.22979,1309,819,3459,0.61513,0.27454,0.37964,24052.0
0.47,2063,5.07004,1285,778,3483,0.62288,0.26951,0.37623,23637.0
0.4716,2035,5.00123,1272,763,3496,0.62506,0.26678,0.37395,23405.0
0.475,1988,4.88572,1257,731,3511,0.63229,0.26363,0.37211,23152.0
0.48,1941,4.77021,1233,708,3535,0.63524,0.2586,0.36757,22719.0
0.485,1884,4.63013,1208,676,3560,0.64119,0.25336,0.3632,22276.0
0.49,1840,4.522,1189,651,3579,0.6462,0.24937,0.35987,21940.0
0.495,1791,4.40157,1161,630,3607,0.64824,0.2435,0.35402,21429.0
0.5,1745,4.28852,1141,604,3627,0.65387,0.2393,0.35038,21075.0
0.505,1703,4.1853,1119,584,3649,0.65708,0.23469,0.34585,20677.0
0.51,1662,4.08454,1096,566,3672,0.65945,0.22987,0.3409,20258.0
0.5148,1628,4.00098,1076,552,3692,0.66093,0.22567,0.33646,19892.0
0.515,1626,3.99607,1075,551,3693,0.66113,0.22546,0.33625,19874.0
0.52,1581,3.88548,1050,531,3718,0.66414,0.22022,0.33076,19419.0
0.525,1542,3.78963,1027,515,3741,0.66602,0.21539,0.32552,18998.0
0.53,1510,3.71099,1005,505,3763,0.66556,0.21078,0.32017,18590.0
0.535,1467,3.60531,984,483,3784,0.67076,0.20638,0.31564,18213.0
0.54,1441,3.54141,968,473,3800,0.67176,0.20302,0.31181,17919.0
0.545,1409,3.46277,955,454,3813,0.67779,0.20029,0.30921,17691.0
0.55,1365,3.35463,931,434,3837,0.68205,0.19526,0.3036,17255.0
0.555,1334,3.27845,917,417,3851,0.68741,0.19232,0.30056,17006.0
0.56,1308,3.21455,902,406,3866,0.6896,0.18918,0.29691,16732.0
0.565,1268,3.11624,879,389,3889,0.69322,0.18435,0.29125,16312.0
0.57,1237,3.04006,865,372,3903,0.69927,0.18142,0.28809,16063.0
0.5716,1222,3.00319,856,366,3912,0.70049,0.17953,0.28581,15898.0
0.575,1203,2.9565,847,356,3921,0.70407,0.17764,0.2837,15737.0
0.58,1182,2.90489,833,349,3935,0.70474,0.17471,0.28,15478.0
0.585,1147,2.81887,809,338,3959,0.70532,0.16967,0.27354,15033.0
0.59,1122,2.75743,795,327,3973,0.70856,0.16674,0.26995,14778.0
0.595,1101,2.70582,783,318,3985,0.71117,0.16422,0.26683,14559.0
0.6,1062,2.60998,757,305,4011,0.71281,0.15877,0.25969,14078.0
0.605,1040,2.55591,743,297,4025,0.71442,0.15583,0.25585,13820.0
0.61,1016,2.49693,728,288,4040,0.71654,0.15268,0.25173,13544.0
0.615,986,2.4232,713,273,4055,0.72312,0.14954,0.24783,13274.0
0.62,970,2.38388,703,267,4065,0.72474,0.14744,0.24503,13090.0
0.625,951,2.33718,690,261,4078,0.72555,0.14471,0.2413,12849.0
0.63,935,2.29786,680,255,4088,0.72727,0.14262,0.23847,12665.0
0.635,919,2.25854,670,249,4098,0.72905,0.14052,0.23563,12481.0
0.64,892,2.19218,653,239,4115,0.73206,0.13695,0.23074,12168.0
0.645,865,2.12583,632,233,4136,0.73064,0.13255,0.22439,11775.0
0.65,838,2.05947,615,223,4153,0.73389,0.12898,0.21941,11462.0
0.655,817,2.00786,603,214,4165,0.73807,0.12647,0.21594,11243.0
0.6559,814,2.00049,601,213,4167,0.73833,0.12605,0.21534,11206.0
0.66,788,1.93659,585,203,4183,0.74239,0.12269,0.21058,10912.0
0.665,771,1.89481,576,195,4192,0.74708,0.12081,0.20798,10749.0
0.67,745,1.83092,559,186,4209,0.75034,0.11724,0.20279,10435.0
0.675,714,1.75473,537,177,4231,0.7521,0.11263,0.19591,10026.0
0.68,696,1.71049,523,173,4245,0.75144,0.10969,0.19143,9764.0
0.685,670,1.6466,508,162,4260,0.75821,0.10654,0.18683,9490.0
0.69,657,1.61465,501,156,4267,0.76256,0.10508,0.1847,9363.0
0.695,630,1.54829,482,148,4286,0.76508,0.10109,0.17858,9010.0
0.7,615,1.51143,475,140,4293,0.77236,0.09962,0.17648,8885.0
0.705,591,1.45245,460,131,4308,0.77834,0.09648,0.17167,8609.0
0.71,571,1.40329,445,126,4323,0.77933,0.09333,0.1667,8329.0
0.715,542,1.33202,421,121,4347,0.77675,0.0883,0.15857,7878.0
0.72,521,1.28041,403,118,4365,0.77351,0.08452,0.15239,7539.0
0.725,502,1.23372,390,112,4378,0.77689,0.0818,0.14801,7298.0
0.73,479,1.17719,373,106,4395,0.77871,0.07823,0.14218,6981.0
0.735,455,1.11821,357,98,4411,0.78462,0.07487,0.1367,6685.0
0.74,434,1.0666,342,92,4426,0.78802,0.07173,0.13149,6406.0
0.745,412,1.01253,327,85,4441,0.79369,0.06858,0.12625,6128.0
0.7467,408,1.0027,325,83,4443,0.79657,0.06816,0.12558,6092.0
0.75,395,0.97075,313,82,4455,0.79241,0.06565,0.12125,5865.0
0.755,371,0.91177,296,75,4472,0.79784,0.06208,0.1152,5549.0
0.76,344,0.84542,274,70,4494,0.79651,0.05747,0.1072,5136.0
0.765,324,0.79626,257,67,4511,0.79321,0.0539,0.10094,4816.0
0.77,307,0.75449,245,62,4523,0.79805,0.05138,0.09655,4593.0
0.775,277,0.68076,226,51,4542,0.81588,0.0474,0.08959,4243.0
0.78,250,0.6144,203,47,4565,0.812,0.04258,0.08091,3810.0
0.785,232,0.57016,188,44,4580,0.81034,0.03943,0.0752,3528.0
0.79,207,0.50872,168,39,4600,0.81159,0.03523,0.06754,3153.0
0.795,190,0.46695,157,33,4611,0.82632,0.03293,0.06333,2950.0
0.8,166,0.40796,138,28,4630,0.83133,0.02894,0.05594,2594.0
0.805,135,0.33178,113,22,4655,0.83704,0.0237,0.04609,2125.0
0.81,126,0.30966,108,18,4660,0.85714,0.02265,0.04414,2034.0
0.815,109,0.26788,92,17,4676,0.84404,0.0193,0.03773,1731.0
0.82,98,0.24085,83,15,4685,0.84694,0.01741,0.03411,1562.0
0.825,85,0.2089,74,11,4694,0.87059,0.01552,0.0305,1395.0
0.83,70,0.17203,62,8,4706,0.88571,0.013,0.02563,1170.0
0.835,60,0.14746,54,6,4714,0.9,0.01133,0.02237,1020.0
0.84,45,0.11059,41,4,4727,0.91111,0.0086,0.01704,775.0
0.845,36,0.08847,33,3,4735,0.91667,0.00692,0.01374,624.0
0.85,30,0.07373,29,1,4739,0.96667,0.00608,0.01209,550.0
0.855,24,0.05898,23,1,4745,0.95833,0.00482,0.0096,436.0
0.86,20,0.04915,20,0,4748,1.0,0.00419,0.00835,380.0
0.865,15,0.03686,15,0,4753,1.0,0.00315,0.00627,285.0
0.87,8,0.01966,8,0,4760,1.0,0.00168,0.00335,152.0
0.875,5,0.01229,5,0,4763,1.0,0.00105,0.0021,95.0
0.88,2,0.00492,2,0,4766,1.0,0.00042,0.00084,38.0
0.885,1,0.00246,1,0,4767,1.0,0.00021,0.00042,19.0
0.89,1,0.00246,1,0,4767,1.0,0.00021,0.00042,19.0
0.895,0,0.0,0,0,4768,0.0,0.0,0.0,0.0
0.9,0,0.0,0,0,4768,0.0,0.0,0.0,0.0
0.905,0,0.0,0,0,4768,0.0,0.0,0.0,0.0
0.91,0,0.0,0,0,4768,0.0,0.0,0.0,0.0
0.915,0,0.0,0,0,4768,0.0,0.0,0.0,0.0
0.92,0,0.0,0,0,4768,0.0,0.0,0.0,0.0
0.925,0,0.0,0,0,4768,0.0,0.0,0.0,0.0
0.93,0,0.0,0,0,4768,0.0,0.0,0.0,0.0
0.935,0,0.0,0,0,4768,0.0,0.0,0.0,0.0
0.94,0,0.0,0,0,4768,0.0,0.0,0.0,0.0
0.945,0,0.0,0,0,4768,0.0,0.0,0.0,0.0
0.95,0,0.0,0,0,4768,0.0,0.0,0.0,0.0
