number,value,datetime_start,datetime_complete,duration,params_colsample_bytree,params_learning_rate,params_min_child_samples,params_n_estimators,params_num_leaves,params_reg_alpha,params_reg_lambda,params_subsample,user_attrs_lift@20,user_attrs_pr_auc_std,user_attrs_roc_auc,system_attrs_tpe:relative_params:0,state
0,0.42351221279273055,2026-09-28 23:44:57.424349,2026-09-28 23:44:58.961516,0 days 00:00:01.537167,0.49359671220172163,0.08927180304353628,75,600,49,1.599409170128044,0.0017775399007348214,0.5780093202212182,2.981634510505603,0.0159667801805259,0.7858822091819333,,COMPLETE
1,0.4579833930670459,2026-09-28 23:44:58.961572,2026-09-28 23:44:59.890141,0 days 00:00:00.928569,0.5274034664069657,0.051059032093947576,271,800,8,0.004768785415482609,0.006053891567028103,0.9162213204002109,3.1085059067299854,0.019063853661823924,0.8028953125490466,,COMPLETE
2,0.4621181916366791,2026-09-28 23:44:59.890196,2026-09-28 23:45:00.766259,0 days 00:00:00.876063,0.4836963163912251,0.03347776308515933,26,500,23,0.022654864504851786,0.018051899059704852,0.8059264473611898,3.1315654359072362,0.019271276848350297,0.8042131030517883,,COMPLETE
3,0.4578555444536093,2026-09-28 23:45:00.766305,2026-09-28 23:45:01.714263,0 days 00:00:00.947958,0.42787024763199866,0.06097839109531514,56,700,12,0.0042733023193754,0.4102689328356389,0.7962072844310213,3.1137501077145493,0.01890670780671423,0.8023566397659172,,COMPLETE
4,0.44357174983821634,2026-09-28 23:45:01.714307,2026-09-28 23:45:02.455688,0 days 00:00:00.741381,0.45860326840383037,0.08889667907018929,155,200,88,0.042472797953697176,0.8768125777016167,0.6523068845866853,3.0560869894028335,0.019642858522634102,0.7939393079948267,,COMPLETE
5,0.45308957516595044,2026-09-28 23:45:02.455732,2026-09-28 23:45:02.913452,0 days 00:00:00.457720,0.7975133706123891,0.03127353036780371,220,300,8,0.08389112347840598,0.02191183193732124,0.6293899908000085,3.1001266214495535,0.019333930978412302,0.8006776345839531,,COMPLETE
6,0.45199574088977634,2026-09-28 23:45:02.913495,2026-09-28 23:45:05.639375,0 days 00:00:02.725880,0.9368964102565893,0.015305744365500184,138,800,89,2.570307853015558,0.3728942986384149,0.9697494707820946,3.0959303809469128,0.02072012812312942,0.7983966262723078,,COMPLETE
7,0.4386794308926709,2026-09-28 23:45:05.639415,2026-09-28 23:45:06.011139,0 days 00:00:00.371724,0.5628094190643376,0.015703008378806716,29,200,8,0.020874681332882276,3.6679624869306977,0.6943386448447411,3.049794827936347,0.020845775160427564,0.7902937250227622,,COMPLETE
8,0.4583981570317398,2026-09-28 23:45:06.011180,2026-09-28 23:45:06.712991,0 days 00:00:00.701811,0.9921321619603104,0.03488960745139221,152,500,11,0.005433045540798127,2.0962733672452414,0.5372753218398854,3.1336723533084574,0.019965309944486018,0.8040573309849307,,COMPLETE
9,0.4595158201933434,2026-09-28 23:45:06.713032,2026-09-28 23:45:07.315101,0 days 00:00:00.602069,0.44442679104045424,0.06538248584518043,118,200,46,0.002682848665467022,0.034815437009482725,0.8856351733429728,3.1189954083428515,0.020018163534092637,0.80284856515422,,COMPLETE
10,0.4477733537127113,2026-09-28 23:45:07.315146,2026-09-28 23:45:08.508420,0 days 00:00:01.193274,0.4246273192313538,0.07510246995228335,12,800,22,0.009699349608241531,0.007956120414437466,0.9469316508101318,3.060268934536887,0.023392911055378638,0.7962995115518184,"{""colsample_bytree"": 0.4246273192313538, ""learning_rate"": 0.07510246995228335, ""min_child_samples"": 12, ""n_estimators"": 800, ""num_leaves"": 22, ""reg_alpha"": 0.009699349608241531, ""reg_lambda"": 0.007956120414437466, ""subsample"": 0.9469316508101318}",COMPLETE
11,0.43374050828957006,2026-09-28 23:45:08.508464,2026-09-28 23:45:09.735181,0 days 00:00:01.226717,0.5348695568461374,0.07577193215606452,111,400,71,0.003289991026298326,0.21559574963280598,0.8558660219581183,3.006804256015288,0.018405865897944813,0.7890292617789507,"{""colsample_bytree"": 0.5348695568461374, ""learning_rate"": 0.07577193215606452, ""min_child_samples"": 111, ""n_estimators"": 400, ""num_leaves"": 71, ""reg_alpha"": 0.003289991026298326, ""reg_lambda"": 0.21559574963280598, ""subsample"": 0.8558660219581183}",COMPLETE
12,0.44962971325188655,2026-09-28 23:45:09.735224,2026-09-28 23:45:10.667469,0 days 00:00:00.932245,0.41760058614841955,0.06710084359596898,188,400,35,0.013388150593939345,0.006321878040835137,0.7247884269946203,3.0875258038605167,0.018886542705760092,0.7974551342109507,"{""colsample_bytree"": 0.41760058614841955, ""learning_rate"": 0.06710084359596898, ""min_child_samples"": 188, ""n_estimators"": 400, ""num_leaves"": 35, ""reg_alpha"": 0.013388150593939345, ""reg_lambda"": 0.006321878040835137, ""subsample"": 0.7247884269946203}",COMPLETE
13,0.46114327384858844,2026-09-28 23:45:10.667510,2026-09-28 23:45:11.753697,0 days 00:00:01.086187,0.4539766303457589,0.02883296828257925,104,400,55,0.0031167668501305163,0.004136027505569874,0.7894029986378864,3.1095538672119085,0.020300247066688495,0.803709779510374,"{""colsample_bytree"": 0.4539766303457589, ""learning_rate"": 0.02883296828257925, ""min_child_samples"": 104, ""n_estimators"": 400, ""num_leaves"": 55, ""reg_alpha"": 0.0031167668501305163, ""reg_lambda"": 0.004136027505569874, ""subsample"": 0.7894029986378864}",COMPLETE
14,0.46038819645125467,2026-09-28 23:45:11.753740,2026-09-28 23:45:12.969596,0 days 00:00:01.215856,0.45969497086906885,0.02576628830129316,229,500,41,0.00671641656974181,0.0018135017790067449,0.7543564848273127,3.1231916488454927,0.019494351361890826,0.8036153219220455,"{""colsample_bytree"": 0.45969497086906885, ""learning_rate"": 0.02576628830129316, ""min_child_samples"": 229, ""n_estimators"": 500, ""num_leaves"": 41, ""reg_alpha"": 0.00671641656974181, ""reg_lambda"": 0.0018135017790067449, ""subsample"": 0.7543564848273127}",COMPLETE
15,0.4608819877847921,2026-09-28 23:45:12.969639,2026-09-28 23:45:13.856847,0 days 00:00:00.887208,0.43809163022016373,0.03637369975055942,37,600,14,0.00512655743549129,0.020469084600305217,0.7523729190365969,3.120045568112249,0.01732273098061081,0.8042667672745993,"{""colsample_bytree"": 0.43809163022016373, ""learning_rate"": 0.03637369975055942, ""min_child_samples"": 37, ""n_estimators"": 600, ""num_leaves"": 14, ""reg_alpha"": 0.00512655743549129, ""reg_lambda"": 0.020469084600305217, ""subsample"": 0.7523729190365969}",COMPLETE
16,0.45996926975203073,2026-09-28 23:45:13.856883,2026-09-28 23:45:14.469756,0 days 00:00:00.612873,0.4181899176060826,0.03467996224912309,154,300,19,0.0023638051151656245,0.012573611218426128,0.8075770854065566,3.1221403894323574,0.019234568924389975,0.8043227418391974,"{""colsample_bytree"": 0.4181899176060826, ""learning_rate"": 0.03467996224912309, ""min_child_samples"": 154, ""n_estimators"": 300, ""num_leaves"": 19, ""reg_alpha"": 0.0023638051151656245, ""reg_lambda"": 0.012573611218426128, ""subsample"": 0.8075770854065566}",COMPLETE
17,0.4515233437635621,2026-09-28 23:45:14.469801,2026-09-28 23:45:15.503215,0 days 00:00:01.033414,0.5876304491978186,0.04839134127619028,63,500,35,0.010709867308984272,0.0019179522861463745,0.8194547792598484,3.0959226834407496,0.01692537457379866,0.7989576706737365,"{""colsample_bytree"": 0.5876304491978186, ""learning_rate"": 0.04839134127619028, ""min_child_samples"": 63, ""n_estimators"": 500, ""num_leaves"": 35, ""reg_alpha"": 0.010709867308984272, ""reg_lambda"": 0.0019179522861463745, ""subsample"": 0.8194547792598484}",COMPLETE
18,0.45023232029053634,2026-09-28 23:45:15.503256,2026-09-28 23:45:16.804178,0 days 00:00:01.300922,0.5119597591807218,0.036584801559661796,28,500,63,0.016253889690197903,0.03896458294328747,0.8264251121307881,3.08544857684021,0.02049774945945843,0.7986880165949263,"{""colsample_bytree"": 0.5119597591807218, ""learning_rate"": 0.036584801559661796, ""min_child_samples"": 28, ""n_estimators"": 500, ""num_leaves"": 63, ""reg_alpha"": 0.016253889690197903, ""reg_lambda"": 0.03896458294328747, ""subsample"": 0.8264251121307881}",COMPLETE
19,0.46245182197845436,2026-09-28 23:45:16.804222,2026-09-28 23:45:17.876601,0 days 00:00:01.072379,0.43938150402279774,0.025827068108143583,37,400,54,0.0022445329260964704,0.13649602347292109,0.8611306469321153,3.135766074984828,0.019387316430569967,0.8053808722048716,"{""colsample_bytree"": 0.43938150402279774, ""learning_rate"": 0.025827068108143583, ""min_child_samples"": 37, ""n_estimators"": 400, ""num_leaves"": 54, ""reg_alpha"": 0.0022445329260964704, ""reg_lambda"": 0.13649602347292109, ""subsample"": 0.8611306469321153}",COMPLETE
20,0.46259090646226697,2026-09-28 23:45:17.876643,2026-09-28 23:45:18.948955,0 days 00:00:01.072312,0.40979222547846933,0.030455796185023712,116,500,31,0.0031844396117383903,0.05961873091237293,0.938941373299124,3.128431451255106,0.019383132161202465,0.804613164851466,"{""colsample_bytree"": 0.40979222547846933, ""learning_rate"": 0.030455796185023712, ""min_child_samples"": 116, ""n_estimators"": 500, ""num_leaves"": 31, ""reg_alpha"": 0.0031844396117383903, ""reg_lambda"": 0.05961873091237293, ""subsample"": 0.938941373299124}",COMPLETE
21,0.4621421699773034,2026-09-28 23:45:18.948998,2026-09-28 23:45:20.200447,0 days 00:00:01.251449,0.47677878389957545,0.020668389839293536,269,500,42,0.010037790879448252,0.02045475376051365,0.9607447249736111,3.122141489076095,0.020381459138480662,0.8041531806684846,"{""colsample_bytree"": 0.47677878389957545, ""learning_rate"": 0.020668389839293536, ""min_child_samples"": 269, ""n_estimators"": 500, ""num_leaves"": 42, ""reg_alpha"": 0.010037790879448252, ""reg_lambda"": 0.02045475376051365, ""subsample"": 0.9607447249736111}",COMPLETE
22,0.4570553199525915,2026-09-28 23:45:20.200490,2026-09-28 23:45:22.121811,0 days 00:00:01.921321,0.488808191841341,0.019853233000658426,215,600,72,0.01984893714146535,0.024020041160092067,0.9280159947172912,3.1137512073582867,0.02053813347369645,0.8009596114643536,"{""colsample_bytree"": 0.488808191841341, ""learning_rate"": 0.019853233000658426, ""min_child_samples"": 215, ""n_estimators"": 600, ""num_leaves"": 72, ""reg_alpha"": 0.01984893714146535, ""reg_lambda"": 0.024020041160092067, ""subsample"": 0.9280159947172912}",COMPLETE
23,0.45798188226187764,2026-09-28 23:45:22.121854,2026-09-28 23:45:24.017582,0 days 00:00:01.895728,0.46473515148012656,0.02837250411787588,180,600,45,0.002023386525023058,0.07816059548425112,0.9368205575869657,3.1168972880915304,0.020063301892594428,0.8018048699695877,"{""colsample_bytree"": 0.46473515148012656, ""learning_rate"": 0.02837250411787588, ""min_child_samples"": 180, ""n_estimators"": 600, ""num_leaves"": 45, ""reg_alpha"": 0.002023386525023058, ""reg_lambda"": 0.07816059548425112, ""subsample"": 0.9368205575869657}",COMPLETE
24,0.4627416878744729,2026-09-28 23:45:24.017625,2026-09-28 23:45:25.224729,0 days 00:00:01.207104,0.403003203160653,0.024669294936269966,19,400,39,0.0029164748474393657,0.01980805000115626,0.8249852076712346,3.1378619959486733,0.01924680422255572,0.8050805100508006,"{""colsample_bytree"": 0.403003203160653, ""learning_rate"": 0.024669294936269966, ""min_child_samples"": 19, ""n_estimators"": 400, ""num_leaves"": 39, ""reg_alpha"": 0.0029164748474393657, ""reg_lambda"": 0.01980805000115626, ""subsample"": 0.8249852076712346}",COMPLETE
25,0.4651248107800878,2026-09-28 23:45:25.224776,2026-09-28 23:45:26.740334,0 days 00:00:01.515558,0.47722380641740264,0.013311326188790948,14,500,49,0.0022924899701664966,0.01543225953622454,0.8715418967712439,3.1494005576871995,0.020985447107033244,0.8065268595985321,"{""colsample_bytree"": 0.47722380641740264, ""learning_rate"": 0.013311326188790948, ""min_child_samples"": 14, ""n_estimators"": 500, ""num_leaves"": 49, ""reg_alpha"": 0.0022924899701664966, ""reg_lambda"": 0.01543225953622454, ""subsample"": 0.8715418967712439}",COMPLETE
26,0.46382031752888453,2026-09-28 23:45:26.740380,2026-09-28 23:45:28.486277,0 days 00:00:01.745897,0.41374787611235264,0.010791956702919303,11,500,73,0.0023860062845618524,0.003408042560892737,0.7815917166203569,3.151499777582258,0.021503874849545652,0.8053896940844336,"{""colsample_bytree"": 0.41374787611235264, ""learning_rate"": 0.010791956702919303, ""min_child_samples"": 11, ""n_estimators"": 500, ""num_leaves"": 73, ""reg_alpha"": 0.0023860062845618524, ""reg_lambda"": 0.003408042560892737, ""subsample"": 0.7815917166203569}",COMPLETE
27,0.46298074263135797,2026-09-28 23:45:28.486322,2026-09-28 23:45:29.870872,0 days 00:00:01.384550,0.45184463006683934,0.014967010756103771,13,500,58,0.0025512265428802717,0.034323524553097624,0.704085063824458,3.1515019768697328,0.01997422611831598,0.8056356875660606,"{""colsample_bytree"": 0.45184463006683934, ""learning_rate"": 0.014967010756103771, ""min_child_samples"": 13, ""n_estimators"": 500, ""num_leaves"": 58, ""reg_alpha"": 0.0025512265428802717, ""reg_lambda"": 0.034323524553097624, ""subsample"": 0.704085063824458}",COMPLETE
28,0.4642399716284807,2026-09-28 23:45:29.870913,2026-09-28 23:45:31.102814,0 days 00:00:01.231901,0.4956503518770422,0.010263116920337366,12,500,47,0.001055846940164719,0.0024470082417790235,0.6877931210432069,3.136818434041701,0.02120886672118588,0.8059396493488167,"{""colsample_bytree"": 0.4956503518770422, ""learning_rate"": 0.010263116920337366, ""min_child_samples"": 12, ""n_estimators"": 500, ""num_leaves"": 47, ""reg_alpha"": 0.001055846940164719, ""reg_lambda"": 0.0024470082417790235, ""subsample"": 0.6877931210432069}",COMPLETE
29,0.46402325531186817,2026-09-28 23:45:31.102857,2026-09-28 23:45:32.340050,0 days 00:00:01.237193,0.4051959685381275,0.01449115562429688,13,500,48,0.005177793885940395,0.0038375406897807975,0.7127602410348286,3.1483514975615394,0.021148871468299735,0.8053816445095278,"{""colsample_bytree"": 0.4051959685381275, ""learning_rate"": 0.01449115562429688, ""min_child_samples"": 13, ""n_estimators"": 500, ""num_leaves"": 48, ""reg_alpha"": 0.005177793885940395, ""reg_lambda"": 0.0038375406897807975, ""subsample"": 0.7127602410348286}",COMPLETE
30,0.46433761088432773,2026-09-28 23:45:32.340091,2026-09-28 23:45:33.414412,0 days 00:00:01.074321,0.5225838229974049,0.010496184267562483,10,400,49,0.005735635894036463,0.001295512513843446,0.716746050298827,3.144166253496274,0.020674030834444357,0.8056505542004221,"{""colsample_bytree"": 0.5225838229974049, ""learning_rate"": 0.010496184267562483, ""min_child_samples"": 10, ""n_estimators"": 400, ""num_leaves"": 49, ""reg_alpha"": 0.005735635894036463, ""reg_lambda"": 0.001295512513843446, ""subsample"": 0.716746050298827}",COMPLETE
31,0.46419621261200367,2026-09-28 23:45:33.414456,2026-09-28 23:45:35.001389,0 days 00:00:01.586933,0.46567937497910555,0.013733306215161216,12,600,44,0.0012917590195941843,0.003558055547846666,0.6746617522121483,3.147304636723354,0.021317029212983323,0.8056528498241449,"{""colsample_bytree"": 0.46567937497910555, ""learning_rate"": 0.013733306215161216, ""min_child_samples"": 12, ""n_estimators"": 600, ""num_leaves"": 44, ""reg_alpha"": 0.0012917590195941843, ""reg_lambda"": 0.003558055547846666, ""subsample"": 0.6746617522121483}",COMPLETE
32,0.4642366402535922,2026-09-28 23:45:35.001430,2026-09-28 23:45:36.236962,0 days 00:00:01.235532,0.5490840896449154,0.010422015634493277,20,500,41,0.0019077838718731198,0.0030666146817225,0.6896805781869068,3.1368206333291764,0.02093055174158979,0.8055718618585919,"{""colsample_bytree"": 0.5490840896449154, ""learning_rate"": 0.010422015634493277, ""min_child_samples"": 20, ""n_estimators"": 500, ""num_leaves"": 41, ""reg_alpha"": 0.0019077838718731198, ""reg_lambda"": 0.0030666146817225, ""subsample"": 0.6896805781869068}",COMPLETE
33,0.4660431095549131,2026-09-28 23:45:36.237004,2026-09-28 23:45:37.484267,0 days 00:00:01.247263,0.6304130496064624,0.011735884226979234,20,500,44,0.003913399748590477,0.002838259476758965,0.679652764478709,3.152547738064181,0.02010939677467803,0.8059782385725285,"{""colsample_bytree"": 0.6304130496064624, ""learning_rate"": 0.011735884226979234, ""min_child_samples"": 20, ""n_estimators"": 500, ""num_leaves"": 44, ""reg_alpha"": 0.003913399748590477, ""reg_lambda"": 0.002838259476758965, ""subsample"": 0.679652764478709}",COMPLETE
34,0.465469489862744,2026-09-28 23:45:37.484309,2026-09-28 23:45:38.618506,0 days 00:00:01.134197,0.6549279961482803,0.012854365512376939,21,500,39,0.001067422071223222,0.003511723085564779,0.7288071235532734,3.15883879988693,0.019369776677710535,0.8063126495659028,"{""colsample_bytree"": 0.6549279961482803, ""learning_rate"": 0.012854365512376939, ""min_child_samples"": 21, ""n_estimators"": 500, ""num_leaves"": 39, ""reg_alpha"": 0.001067422071223222, ""reg_lambda"": 0.003511723085564779, ""subsample"": 0.7288071235532734}",COMPLETE
35,0.46552548016920137,2026-09-28 23:45:38.618547,2026-09-28 23:45:39.656282,0 days 00:00:01.037735,0.5860768939584426,0.011201483932290155,12,400,49,0.003176535905742722,0.010724018304431149,0.6864644152872448,3.1462588755289063,0.021357981378591896,0.8055677230674089,"{""colsample_bytree"": 0.5860768939584426, ""learning_rate"": 0.011201483932290155, ""min_child_samples"": 12, ""n_estimators"": 400, ""num_leaves"": 49, ""reg_alpha"": 0.003176535905742722, ""reg_lambda"": 0.010724018304431149, ""subsample"": 0.6864644152872448}",COMPLETE
36,0.4651979616201599,2026-09-28 23:45:39.656332,2026-09-28 23:45:40.666905,0 days 00:00:01.010573,0.539758927693991,0.011975879783493298,11,400,42,0.00190978148325104,0.07213105216112002,0.6519610450825337,3.14101577418808,0.020518448356665404,0.8060279744090858,"{""colsample_bytree"": 0.539758927693991, ""learning_rate"": 0.011975879783493298, ""min_child_samples"": 11, ""n_estimators"": 400, ""num_leaves"": 42, ""reg_alpha"": 0.00190978148325104, ""reg_lambda"": 0.07213105216112002, ""subsample"": 0.6519610450825337}",COMPLETE
37,0.4642728296615517,2026-09-28 23:45:40.666943,2026-09-28 23:45:41.773381,0 days 00:00:01.106438,0.6464248185919322,0.017491888739807747,20,500,43,0.0016425512710609462,0.024362968169860444,0.7541044356497847,3.1525510369953933,0.019807758312350838,0.8052429594582833,"{""colsample_bytree"": 0.6464248185919322, ""learning_rate"": 0.017491888739807747, ""min_child_samples"": 20, ""n_estimators"": 500, ""num_leaves"": 43, ""reg_alpha"": 0.0016425512710609462, ""reg_lambda"": 0.024362968169860444, ""subsample"": 0.7541044356497847}",COMPLETE
38,0.46517097391718537,2026-09-28 23:45:41.773427,2026-09-28 23:45:43.156773,0 days 00:00:01.383346,0.5239493381030715,0.011250303058975895,16,500,52,0.0013852543291720581,0.054830448341880805,0.6534102162033693,3.156739579991872,0.020428243058069933,0.8066751775023097,"{""colsample_bytree"": 0.5239493381030715, ""learning_rate"": 0.011250303058975895, ""min_child_samples"": 16, ""n_estimators"": 500, ""num_leaves"": 52, ""reg_alpha"": 0.0013852543291720581, ""reg_lambda"": 0.054830448341880805, ""subsample"": 0.6534102162033693}",COMPLETE
39,0.46385194527962825,2026-09-28 23:45:43.156824,2026-09-28 23:45:44.544574,0 days 00:00:01.387750,0.593775152711087,0.015153708956935037,19,500,57,0.003762143032271541,0.0024212782445029502,0.7541556300851696,3.1399645147749444,0.018595009653098047,0.8057338097157984,"{""colsample_bytree"": 0.593775152711087, ""learning_rate"": 0.015153708956935037, ""min_child_samples"": 19, ""n_estimators"": 500, ""num_leaves"": 57, ""reg_alpha"": 0.003762143032271541, ""reg_lambda"": 0.0024212782445029502, ""subsample"": 0.7541556300851696}",COMPLETE
40,0.46507106808408577,2026-09-28 23:45:44.544616,2026-09-28 23:45:45.837487,0 days 00:00:01.292871,0.5328531715089856,0.011918364660693766,23,400,55,0.0045514156910234456,0.012335376361889975,0.6501747681491512,3.1588366005994546,0.020114811287597366,0.8063618130410946,"{""colsample_bytree"": 0.5328531715089856, ""learning_rate"": 0.011918364660693766, ""min_child_samples"": 23, ""n_estimators"": 400, ""num_leaves"": 55, ""reg_alpha"": 0.0045514156910234456, ""reg_lambda"": 0.012335376361889975, ""subsample"": 0.6501747681491512}",COMPLETE
41,0.463667343424422,2026-09-28 23:45:45.837531,2026-09-28 23:45:47.382334,0 days 00:00:01.544803,0.6093132577656374,0.014747420330372088,11,500,73,0.0012554830288016476,0.03581818243018758,0.6478795945087559,3.141005877394442,0.021049512518095292,0.8054056215652785,"{""colsample_bytree"": 0.6093132577656374, ""learning_rate"": 0.014747420330372088, ""min_child_samples"": 11, ""n_estimators"": 500, ""num_leaves"": 73, ""reg_alpha"": 0.0012554830288016476, ""reg_lambda"": 0.03581818243018758, ""subsample"": 0.6478795945087559}",COMPLETE
42,0.46341987146648755,2026-09-28 23:45:47.382376,2026-09-28 23:45:48.365616,0 days 00:00:00.983240,0.6701314512906408,0.013710051395369587,18,300,43,0.007030799645460722,0.0018798156372078088,0.6769798809284928,3.1389176539367596,0.021327933402118755,0.8047952695177264,"{""colsample_bytree"": 0.6701314512906408, ""learning_rate"": 0.013710051395369587, ""min_child_samples"": 18, ""n_estimators"": 300, ""num_leaves"": 43, ""reg_alpha"": 0.007030799645460722, ""reg_lambda"": 0.0018798156372078088, ""subsample"": 0.6769798809284928}",COMPLETE
43,0.4655094363295579,2026-09-28 23:45:48.365660,2026-09-28 23:45:49.683515,0 days 00:00:01.317855,0.6754572103191745,0.012480487117561348,14,500,42,0.00672925910968944,0.0024574752991100165,0.7576077944355769,3.1504496178128596,0.019372787498467225,0.8059940574245996,"{""colsample_bytree"": 0.6754572103191745, ""learning_rate"": 0.012480487117561348, ""min_child_samples"": 14, ""n_estimators"": 500, ""num_leaves"": 42, ""reg_alpha"": 0.00672925910968944, ""reg_lambda"": 0.0024574752991100165, ""subsample"": 0.7576077944355769}",COMPLETE
44,0.46501567361462637,2026-09-28 23:45:49.683549,2026-09-28 23:45:50.724577,0 days 00:00:01.041028,0.540372946189397,0.011448534797833431,11,400,44,0.005498338961346893,0.004106087520843026,0.6243604309557856,3.1420648343137403,0.020109069050297596,0.8053072767879017,"{""colsample_bytree"": 0.540372946189397, ""learning_rate"": 0.011448534797833431, ""min_child_samples"": 11, ""n_estimators"": 400, ""num_leaves"": 44, ""reg_alpha"": 0.005498338961346893, ""reg_lambda"": 0.004106087520843026, ""subsample"": 0.6243604309557856}",COMPLETE
45,0.46362031859130565,2026-09-28 23:45:50.724635,2026-09-28 23:45:52.051563,0 days 00:00:01.326928,0.6130065061112172,0.012013580449910445,26,500,49,0.0055431423826686485,0.004648653295382087,0.6318527195084948,3.144153057771423,0.02048585035169948,0.8056983781018812,"{""colsample_bytree"": 0.6130065061112172, ""learning_rate"": 0.012013580449910445, ""min_child_samples"": 26, ""n_estimators"": 500, ""num_leaves"": 49, ""reg_alpha"": 0.0055431423826686485, ""reg_lambda"": 0.004648653295382087, ""subsample"": 0.6318527195084948}",COMPLETE
46,0.4634759846317952,2026-09-28 23:45:52.051614,2026-09-28 23:45:52.998661,0 days 00:00:00.947047,0.5321610001045344,0.013647771534275212,13,300,50,0.004237703582297314,0.11309043827845151,0.6758993749471561,3.1420604357387902,0.02107463913545703,0.8055669957114849,"{""colsample_bytree"": 0.5321610001045344, ""learning_rate"": 0.013647771534275212, ""min_child_samples"": 13, ""n_estimators"": 300, ""num_leaves"": 50, ""reg_alpha"": 0.004237703582297314, ""reg_lambda"": 0.11309043827845151, ""subsample"": 0.6758993749471561}",COMPLETE
47,0.4647040107830914,2026-09-28 23:45:52.998697,2026-09-28 23:45:54.277002,0 days 00:00:01.278305,0.654625622612225,0.013658900023082322,20,500,49,0.001211076194028653,0.003427273018160556,0.7324698461941327,3.1473013377921415,0.019503510765855738,0.8058813868278051,"{""colsample_bytree"": 0.654625622612225, ""learning_rate"": 0.013658900023082322, ""min_child_samples"": 20, ""n_estimators"": 500, ""num_leaves"": 49, ""reg_alpha"": 0.001211076194028653, ""reg_lambda"": 0.003427273018160556, ""subsample"": 0.7324698461941327}",COMPLETE
48,0.4647322446773511,2026-09-28 23:45:54.277044,2026-09-28 23:45:55.439830,0 days 00:00:01.162786,0.6944890947738921,0.010118744283492291,22,500,38,0.001235214198489357,0.004788672076374302,0.7070533350369271,3.1420681332449534,0.022036721295795487,0.8052690886515451,"{""colsample_bytree"": 0.6944890947738921, ""learning_rate"": 0.010118744283492291, ""min_child_samples"": 22, ""n_estimators"": 500, ""num_leaves"": 38, ""reg_alpha"": 0.001235214198489357, ""reg_lambda"": 0.004788672076374302, ""subsample"": 0.7070533350369271}",COMPLETE
49,0.46340995968689225,2026-09-28 23:45:55.439877,2026-09-28 23:45:56.407365,0 days 00:00:00.967488,0.6602202186151424,0.013202534709915273,17,300,67,0.002018560083956283,0.004632623932598627,0.6325089401863236,3.1483492982740637,0.023373708577955142,0.8056227812965799,"{""colsample_bytree"": 0.6602202186151424, ""learning_rate"": 0.013202534709915273, ""min_child_samples"": 17, ""n_estimators"": 300, ""num_leaves"": 67, ""reg_alpha"": 0.002018560083956283, ""reg_lambda"": 0.004632623932598627, ""subsample"": 0.6325089401863236}",COMPLETE
50,0.46496806361455983,2026-09-28 23:45:56.407408,2026-09-28 23:45:57.350787,0 days 00:00:00.943379,0.5898709012309471,0.01691433717804808,18,400,36,0.003813731041506011,0.002782868081737115,0.6769518001531387,3.144158555990111,0.021310158317442172,0.805735614889531,"{""colsample_bytree"": 0.5898709012309471, ""learning_rate"": 0.01691433717804808, ""min_child_samples"": 18, ""n_estimators"": 400, ""num_leaves"": 36, ""reg_alpha"": 0.003813731041506011, ""reg_lambda"": 0.002782868081737115, ""subsample"": 0.6769518001531387}",COMPLETE
51,0.4630486115652035,2026-09-28 23:45:57.350831,2026-09-28 23:45:58.418328,0 days 00:00:01.067497,0.5417457360465838,0.010425101868738837,13,400,44,0.002331328464112873,0.010468214167160683,0.6384597160470871,3.1441629545650605,0.02116347285562654,0.8051527097115011,"{""colsample_bytree"": 0.5417457360465838, ""learning_rate"": 0.010425101868738837, ""min_child_samples"": 13, ""n_estimators"": 400, ""num_leaves"": 44, ""reg_alpha"": 0.002331328464112873, ""reg_lambda"": 0.010468214167160683, ""subsample"": 0.6384597160470871}",COMPLETE
52,0.46586281480041947,2026-09-28 23:45:58.418370,2026-09-28 23:45:59.449116,0 days 00:00:01.030746,0.6412983587103874,0.012890583271389207,16,400,49,0.007677562114089754,0.003457366844185417,0.726574976941368,3.165130961353417,0.02090555180559349,0.8062408491495312,"{""colsample_bytree"": 0.6412983587103874, ""learning_rate"": 0.012890583271389207, ""min_child_samples"": 16, ""n_estimators"": 400, ""num_leaves"": 49, ""reg_alpha"": 0.007677562114089754, ""reg_lambda"": 0.003457366844185417, ""subsample"": 0.726574976941368}",COMPLETE
53,0.46425107024774065,2026-09-28 23:45:59.449156,2026-09-28 23:46:00.536610,0 days 00:00:01.087454,0.6962210483729814,0.011174827779381825,19,400,56,0.002881223953382581,0.001853562515691567,0.6684463280718326,3.15883440131198,0.02100552001296563,0.805775977538754,"{""colsample_bytree"": 0.6962210483729814, ""learning_rate"": 0.011174827779381825, ""min_child_samples"": 19, ""n_estimators"": 400, ""num_leaves"": 56, ""reg_alpha"": 0.002881223953382581, ""reg_lambda"": 0.001853562515691567, ""subsample"": 0.6684463280718326}",COMPLETE
54,0.46556989344230937,2026-09-28 23:46:00.536651,2026-09-28 23:46:01.612997,0 days 00:00:01.076346,0.6636042668624599,0.014332763693864105,17,500,36,0.001531206776852743,0.01170925023625118,0.693222441311951,3.15358800103994,0.01966194445295861,0.8054895349627607,"{""colsample_bytree"": 0.6636042668624599, ""learning_rate"": 0.014332763693864105, ""min_child_samples"": 17, ""n_estimators"": 500, ""num_leaves"": 36, ""reg_alpha"": 0.001531206776852743, ""reg_lambda"": 0.01170925023625118, ""subsample"": 0.693222441311951}",COMPLETE
55,0.4653023832998521,2026-09-28 23:46:01.613038,2026-09-28 23:46:02.864893,0 days 00:00:01.251855,0.5731232743930553,0.012372444836722283,13,500,49,0.0057186499098282,0.011099856125305611,0.6964173579617043,3.137868593811099,0.020580118349194796,0.8058104848602872,"{""colsample_bytree"": 0.5731232743930553, ""learning_rate"": 0.012372444836722283, ""min_child_samples"": 13, ""n_estimators"": 500, ""num_leaves"": 49, ""reg_alpha"": 0.0057186499098282, ""reg_lambda"": 0.011099856125305611, ""subsample"": 0.6964173579617043}",COMPLETE
56,0.46497591438824004,2026-09-28 23:46:02.864939,2026-09-28 23:46:03.806114,0 days 00:00:00.941175,0.6122904663417666,0.013521390023251393,22,400,40,0.001727540631302404,0.02258660232344436,0.6895935334867623,3.144156356702635,0.019766774176531773,0.8059474879285646,"{""colsample_bytree"": 0.6122904663417666, ""learning_rate"": 0.013521390023251393, ""min_child_samples"": 22, ""n_estimators"": 400, ""num_leaves"": 40, ""reg_alpha"": 0.001727540631302404, ""reg_lambda"": 0.02258660232344436, ""subsample"": 0.6895935334867623}",COMPLETE
57,0.46479792742120046,2026-09-28 23:46:03.806153,2026-09-28 23:46:04.902218,0 days 00:00:01.096065,0.702359091364553,0.010211612019725135,24,500,39,0.003684411284479156,0.003475806284031044,0.6799069374791624,3.142061535382527,0.021370171794115243,0.8058151023037526,"{""colsample_bytree"": 0.702359091364553, ""learning_rate"": 0.010211612019725135, ""min_child_samples"": 24, ""n_estimators"": 500, ""num_leaves"": 39, ""reg_alpha"": 0.003684411284479156, ""reg_lambda"": 0.003475806284031044, ""subsample"": 0.6799069374791624}",COMPLETE
58,0.463704674537391,2026-09-28 23:46:04.902261,2026-09-28 23:46:05.849400,0 days 00:00:00.947139,0.7039004678525083,0.013130406088710944,19,500,30,0.007922156555224692,0.00475580055424398,0.791299828827553,3.146264373747594,0.019569816079534005,0.8053147368752468,"{""colsample_bytree"": 0.7039004678525083, ""learning_rate"": 0.013130406088710944, ""min_child_samples"": 19, ""n_estimators"": 500, ""num_leaves"": 30, ""reg_alpha"": 0.007922156555224692, ""reg_lambda"": 0.00475580055424398, ""subsample"": 0.791299828827553}",COMPLETE
59,0.46541450095314774,2026-09-28 23:46:05.849436,2026-09-28 23:46:06.860311,0 days 00:00:01.010875,0.6373877952186168,0.012149232507032275,19,400,49,0.003223582283359779,0.001607378058711197,0.7310535955896129,3.164079701940281,0.0203225519357812,0.8061294929275379,"{""colsample_bytree"": 0.6373877952186168, ""learning_rate"": 0.012149232507032275, ""min_child_samples"": 19, ""n_estimators"": 400, ""num_leaves"": 49, ""reg_alpha"": 0.003223582283359779, ""reg_lambda"": 0.001607378058711197, ""subsample"": 0.7310535955896129}",COMPLETE
