number,value,datetime_start,datetime_complete,duration,params_colsample_bytree,params_gamma,params_learning_rate,params_max_depth,params_min_child_weight,params_n_estimators,params_reg_lambda,params_subsample,user_attrs_lift@20,user_attrs_pr_auc_std,user_attrs_roc_auc,system_attrs_tpe:relative_params:0,state
0,0.4391745145283437,2026-09-28 23:46:07.992359,2026-09-28 23:46:09.393403,0 days 00:00:01.401044,0.49359671220172163,1.599409170128044,0.08927180304353628,7,10.401663679887308,600,0.0017775399007348214,0.5780093202212182,3.039311924185907,0.018723499956141462,0.7926987395314521,,COMPLETE
1,0.44693222633525725,2026-09-28 23:46:09.393447,2026-09-28 23:46:10.567244,0 days 00:00:01.173797,0.5274034664069657,0.004768785415482609,0.051059032093947576,2,44.447541666908116,800,0.006053891567028103,0.9162213204002109,3.0823046953944413,0.024104457820850925,0.799318251636124,,COMPLETE
2,0.4591450168171556,2026-09-28 23:46:10.567286,2026-09-28 23:46:11.624138,0 days 00:00:01.056852,0.4836963163912251,0.022654864504851786,0.03347776308515933,5,3.124565071260871,500,0.018051899059704852,0.8059264473611898,3.10850370744251,0.019771084086286,0.8044013813610708,,COMPLETE
3,0.4568678859428089,2026-09-28 23:46:11.624182,2026-09-28 23:46:12.790392,0 days 00:00:01.166210,0.42787024763199866,0.0042733023193754,0.06097839109531514,3,7.475992999956503,700,0.4102689328356389,0.7962072844310213,3.1001222228746035,0.018894930818328853,0.8032680104216621,,COMPLETE
4,0.45420598663384837,2026-09-28 23:46:12.790435,2026-09-28 23:46:13.523864,0 days 00:00:00.733429,0.45860326840383037,0.042472797953697176,0.08889667907018929,8,23.628864184236406,200,0.8768125777016167,0.6523068845866853,3.102212645619761,0.023436166580134584,0.8021282733513235,,COMPLETE
5,0.4249839204886728,2026-09-28 23:46:13.523905,2026-09-28 23:46:14.158511,0 days 00:00:00.634606,0.7975133706123891,0.08389112347840598,0.03127353036780371,2,35.06776499297218,300,0.02191183193732124,0.6293899908000085,2.938670330034245,0.022551112728490176,0.7854847725731999,,COMPLETE
6,0.4552443058741469,2026-09-28 23:46:14.158553,2026-09-28 23:46:15.539142,0 days 00:00:01.380589,0.9368964102565893,2.570307853015558,0.015305744365500184,8,20.74566765675251,800,0.3728942986384149,0.9697494707820946,3.1127098447387898,0.023748705106515423,0.8019684779718116,,COMPLETE
7,0.4101182881290871,2026-09-28 23:46:15.539185,2026-09-28 23:46:16.049646,0 days 00:00:00.510461,0.5628094190643376,0.020874681332882276,0.015703008378806716,2,3.5704789209099794,200,3.6679624869306977,0.6943386448447411,2.8474603802198883,0.0254613074709285,0.7704663312921156,,COMPLETE
8,0.43879074377147226,2026-09-28 23:46:16.049680,2026-09-28 23:46:16.957850,0 days 00:00:00.908170,0.9921321619603104,0.005433045540798127,0.03488960745139221,2,23.062618121677932,500,2.0962733672452414,0.5372753218398854,3.056089188690309,0.022241914229897002,0.795592739222707,,COMPLETE
9,0.45921100375444385,2026-09-28 23:46:16.957893,2026-09-28 23:46:17.587674,0 days 00:00:00.629781,0.44442679104045424,0.002682848665467022,0.06538248584518043,6,17.320535358459537,200,0.034815437009482725,0.8856351733429728,3.117946348217191,0.021702328454021754,0.8044819820771674,,COMPLETE
10,0.4569346562113551,2026-09-28 23:46:17.587715,2026-09-28 23:46:18.482267,0 days 00:00:00.894552,0.5598138475638506,0.0019693301781516528,0.05662230957138533,7,42.68322101304207,300,0.187473272146508,0.8231905839874377,3.1032727021827973,0.024181899238340687,0.8030706489274216,"{""colsample_bytree"": 0.5598138475638506, ""gamma"": 0.0019693301781516528, ""learning_rate"": 0.05662230957138533, ""max_depth"": 7, ""min_child_weight"": 42.68322101304207, ""n_estimators"": 300, ""reg_lambda"": 0.187473272146508, ""subsample"": 0.8231905839874377}",COMPLETE
11,0.4572070361843393,2026-09-28 23:46:18.482311,2026-09-28 23:46:19.283962,0 days 00:00:00.801651,0.5808423486180705,0.07758120275494289,0.041517515160935936,6,11.760098763280949,300,0.030954108031842863,0.8331780198089838,3.109560465074334,0.022955371708552927,0.8038522964429127,"{""colsample_bytree"": 0.5808423486180705, ""gamma"": 0.07758120275494289, ""learning_rate"": 0.041517515160935936, ""max_depth"": 6, ""min_child_weight"": 11.760098763280949, ""n_estimators"": 300, ""reg_lambda"": 0.030954108031842863, ""subsample"": 0.8331780198089838}",COMPLETE
12,0.44765161701226547,2026-09-28 23:46:19.284004,2026-09-28 23:46:19.809893,0 days 00:00:00.525889,0.40274181657487784,0.01120233224329747,0.06599863687497526,3,12.55595898675851,200,0.005637554273533308,0.8879178626332423,3.0623736526506327,0.021412680625877978,0.7995555448537137,"{""colsample_bytree"": 0.40274181657487784, ""gamma"": 0.01120233224329747, ""learning_rate"": 0.06599863687497526, ""max_depth"": 3, ""min_child_weight"": 12.55595898675851, ""n_estimators"": 200, ""reg_lambda"": 0.005637554273533308, ""subsample"": 0.8879178626332423}",COMPLETE
13,0.46061442228512756,2026-09-28 23:46:19.809936,2026-09-28 23:46:20.905058,0 days 00:00:01.095122,0.5260479725776601,0.009064963299428542,0.03131036235248509,8,27.916426794241335,400,0.02433776694915542,0.8995648449292689,3.1326144960328968,0.025704862666513225,0.8044186755419652,"{""colsample_bytree"": 0.5260479725776601, ""gamma"": 0.009064963299428542, ""learning_rate"": 0.03131036235248509, ""max_depth"": 8, ""min_child_weight"": 27.916426794241335, ""n_estimators"": 400, ""reg_lambda"": 0.02433776694915542, ""subsample"": 0.8995648449292689}",COMPLETE
14,0.4584229373233602,2026-09-28 23:46:20.905101,2026-09-28 23:46:21.704652,0 days 00:00:00.799551,0.411007522376433,0.0011818190133690298,0.03684705291262899,6,7.944465377145498,300,0.06390256230897151,0.8060402933730206,3.11479916784021,0.02070843694270472,0.8050571918008167,"{""colsample_bytree"": 0.411007522376433, ""gamma"": 0.0011818190133690298, ""learning_rate"": 0.03684705291262899, ""max_depth"": 6, ""min_child_weight"": 7.944465377145498, ""n_estimators"": 300, ""reg_lambda"": 0.06390256230897151, ""subsample"": 0.8060402933730206}",COMPLETE
15,0.4477730476933598,2026-09-28 23:46:21.704690,2026-09-28 23:46:22.392064,0 days 00:00:00.687374,0.5294178454304775,0.006358743750850253,0.025150717720123474,8,49.461329213037565,200,0.04132751081629727,0.9096711756489314,3.062385748731746,0.025336695565977292,0.7985312760742307,"{""colsample_bytree"": 0.5294178454304775, ""gamma"": 0.006358743750850253, ""learning_rate"": 0.025150717720123474, ""max_depth"": 8, ""min_child_weight"": 49.461329213037565, ""n_estimators"": 200, ""reg_lambda"": 0.04132751081629727, ""subsample"": 0.9096711756489314}",COMPLETE
16,0.46167990058189,2026-09-28 23:46:22.392108,2026-09-28 23:46:23.502167,0 days 00:00:01.110059,0.5885835805038907,0.07108137933260347,0.020520758604809484,8,21.116169941395103,400,0.14206891004165512,0.9137772750065705,3.1158504272533456,0.024356977298095158,0.8051043194718949,"{""colsample_bytree"": 0.5885835805038907, ""gamma"": 0.07108137933260347, ""learning_rate"": 0.020520758604809484, ""max_depth"": 8, ""min_child_weight"": 21.116169941395103, ""n_estimators"": 400, ""reg_lambda"": 0.14206891004165512, ""subsample"": 0.9137772750065705}",COMPLETE
17,0.4579670307037279,2026-09-28 23:46:23.502211,2026-09-28 23:46:24.675348,0 days 00:00:01.173137,0.5718263950647439,0.004819864607550191,0.02745041430192018,8,10.989115376567119,400,0.2775997905432906,0.7808030369576792,3.1158493276096078,0.021001243473859687,0.8046855300926703,"{""colsample_bytree"": 0.5718263950647439, ""gamma"": 0.004819864607550191, ""learning_rate"": 0.02745041430192018, ""max_depth"": 8, ""min_child_weight"": 10.989115376567119, ""n_estimators"": 400, ""reg_lambda"": 0.2775997905432906, ""subsample"": 0.7808030369576792}",COMPLETE
18,0.4575707002612056,2026-09-28 23:46:24.675390,2026-09-28 23:46:26.161607,0 days 00:00:01.486217,0.6037049167201172,0.12785632071152075,0.03245267346645126,8,26.446398461098596,600,0.0640644146554292,0.8898286949717645,3.0948725236713517,0.023569236710633722,0.8022567162896092,"{""colsample_bytree"": 0.6037049167201172, ""gamma"": 0.12785632071152075, ""learning_rate"": 0.03245267346645126, ""max_depth"": 8, ""min_child_weight"": 26.446398461098596, ""n_estimators"": 600, ""reg_lambda"": 0.0640644146554292, ""subsample"": 0.8898286949717645}",COMPLETE
19,0.44465900134429737,2026-09-28 23:46:26.161648,2026-09-28 23:46:27.084753,0 days 00:00:00.923105,0.5935934956703705,0.054950992721762966,0.014732255620251692,8,47.8898008746227,300,0.31981489008278613,0.8307738548312804,3.053996566657676,0.02586976384965541,0.7969689185105024,"{""colsample_bytree"": 0.5935934956703705, ""gamma"": 0.054950992721762966, ""learning_rate"": 0.014732255620251692, ""max_depth"": 8, ""min_child_weight"": 47.8898008746227, ""n_estimators"": 300, ""reg_lambda"": 0.31981489008278613, ""subsample"": 0.8307738548312804}",COMPLETE
20,0.4559887948056076,2026-09-28 23:46:27.084794,2026-09-28 23:46:28.103382,0 days 00:00:01.018588,0.4277757253139212,0.11778924409422156,0.04546337181826915,7,11.782180526154448,400,0.06169708272114357,0.9580381430859894,3.100118923943391,0.02005440841893981,0.803041515179233,"{""colsample_bytree"": 0.4277757253139212, ""gamma"": 0.11778924409422156, ""learning_rate"": 0.04546337181826915, ""max_depth"": 7, ""min_child_weight"": 11.782180526154448, ""n_estimators"": 400, ""reg_lambda"": 0.06169708272114357, ""subsample"": 0.9580381430859894}",COMPLETE
21,0.456691613630713,2026-09-28 23:46:28.103427,2026-09-28 23:46:29.318000,0 days 00:00:01.214573,0.5855168356462569,0.013151745964156377,0.04751987828530332,7,27.091658291702014,500,0.04576351748315109,0.9517073936032572,3.0980197040483324,0.021569637748483743,0.8031350447163241,"{""colsample_bytree"": 0.5855168356462569, ""gamma"": 0.013151745964156377, ""learning_rate"": 0.04751987828530332, ""max_depth"": 7, ""min_child_weight"": 27.091658291702014, ""n_estimators"": 500, ""reg_lambda"": 0.04576351748315109, ""subsample"": 0.9517073936032572}",COMPLETE
22,0.45933321645549563,2026-09-28 23:46:29.318041,2026-09-28 23:46:30.232740,0 days 00:00:00.914699,0.6006509690244637,0.007298392294423363,0.02191819620558207,8,20.8035046630012,300,0.009291647855905447,0.8995713908755619,3.1189976076303263,0.02489664066400274,0.8044892176323808,"{""colsample_bytree"": 0.6006509690244637, ""gamma"": 0.007298392294423363, ""learning_rate"": 0.02191819620558207, ""max_depth"": 8, ""min_child_weight"": 20.8035046630012, ""n_estimators"": 300, ""reg_lambda"": 0.009291647855905447, ""subsample"": 0.8995713908755619}",COMPLETE
23,0.45278183484011436,2026-09-28 23:46:30.232782,2026-09-28 23:46:30.935197,0 days 00:00:00.702415,0.609406340464263,0.0027748902072752242,0.020497312899948505,8,25.662317498054215,200,0.10341097610530353,0.841309763401024,3.0739232108265346,0.02643596650596252,0.8002995186577593,"{""colsample_bytree"": 0.609406340464263, ""gamma"": 0.0027748902072752242, ""learning_rate"": 0.020497312899948505, ""max_depth"": 8, ""min_child_weight"": 25.662317498054215, ""n_estimators"": 200, ""reg_lambda"": 0.10341097610530353, ""subsample"": 0.841309763401024}",COMPLETE
24,0.45739151572844694,2026-09-28 23:46:30.935247,2026-09-28 23:46:31.796208,0 days 00:00:00.860961,0.6028337716495663,0.05509929311601724,0.020888694962653987,7,24.316997486242503,300,0.013175256886456514,0.9293242101266942,3.1053653242154295,0.024250285431884438,0.8031865679488964,"{""colsample_bytree"": 0.6028337716495663, ""gamma"": 0.05509929311601724, ""learning_rate"": 0.020888694962653987, ""max_depth"": 7, ""min_child_weight"": 24.316997486242503, ""n_estimators"": 300, ""reg_lambda"": 0.013175256886456514, ""subsample"": 0.9293242101266942}",COMPLETE
25,0.45897766802708195,2026-09-28 23:46:31.796254,2026-09-28 23:46:33.012967,0 days 00:00:01.216713,0.6368647401317724,0.005898463134598433,0.03197395588378005,7,34.071526542903946,500,0.0017175194946927295,0.9255228868466333,3.1273757932670208,0.024963339512117988,0.8039752484886453,"{""colsample_bytree"": 0.6368647401317724, ""gamma"": 0.005898463134598433, ""learning_rate"": 0.03197395588378005, ""max_depth"": 7, ""min_child_weight"": 34.071526542903946, ""n_estimators"": 500, ""reg_lambda"": 0.0017175194946927295, ""subsample"": 0.9255228868466333}",COMPLETE
26,0.4592594538229071,2026-09-28 23:46:33.013013,2026-09-28 23:46:33.937104,0 days 00:00:00.924091,0.7067145770500395,0.002325635811929783,0.02412263154679754,8,20.01009629535381,300,0.002671520433312661,0.8685709706885907,3.1127054461638393,0.024680175611552054,0.8040839668849149,"{""colsample_bytree"": 0.7067145770500395, ""gamma"": 0.002325635811929783, ""learning_rate"": 0.02412263154679754, ""max_depth"": 8, ""min_child_weight"": 20.01009629535381, ""n_estimators"": 300, ""reg_lambda"": 0.002671520433312661, ""subsample"": 0.8685709706885907}",COMPLETE
27,0.4605272942382156,2026-09-28 23:46:33.937153,2026-09-28 23:46:35.035200,0 days 00:00:01.098047,0.5284135741050203,0.012354946380548584,0.019276363668511334,8,24.222113048523823,400,0.08999647325654937,0.9249622915211658,3.1137523070020245,0.02512351374027463,0.8049939191491443,"{""colsample_bytree"": 0.5284135741050203, ""gamma"": 0.012354946380548584, ""learning_rate"": 0.019276363668511334, ""max_depth"": 8, ""min_child_weight"": 24.222113048523823, ""n_estimators"": 400, ""reg_lambda"": 0.08999647325654937, ""subsample"": 0.9249622915211658}",COMPLETE
28,0.4583731754531931,2026-09-28 23:46:35.035236,2026-09-28 23:46:36.255163,0 days 00:00:01.219927,0.5142154994595498,0.05009841343819873,0.031112892937047307,7,14.381287711691467,500,0.044434511309976506,0.8735025849713041,3.1106062262687812,0.021074813383655053,0.803916656954183,"{""colsample_bytree"": 0.5142154994595498, ""gamma"": 0.05009841343819873, ""learning_rate"": 0.031112892937047307, ""max_depth"": 7, ""min_child_weight"": 14.381287711691467, ""n_estimators"": 500, ""reg_lambda"": 0.044434511309976506, ""subsample"": 0.8735025849713041}",COMPLETE
29,0.462944603380283,2026-09-28 23:46:36.255208,2026-09-28 23:46:37.528254,0 days 00:00:01.273046,0.4401454361173128,0.003567871029203801,0.022973750787483326,8,30.907518053133376,500,0.11194521528130114,0.9927291835047799,3.1221414890760943,0.024624427257745697,0.8046755588574263,"{""colsample_bytree"": 0.4401454361173128, ""gamma"": 0.003567871029203801, ""learning_rate"": 0.022973750787483326, ""max_depth"": 8, ""min_child_weight"": 30.907518053133376, ""n_estimators"": 500, ""reg_lambda"": 0.11194521528130114, ""subsample"": 0.9927291835047799}",COMPLETE
30,0.4599963995913828,2026-09-28 23:46:37.528299,2026-09-28 23:46:38.626880,0 days 00:00:01.098581,0.5263666978259255,0.0013393104394088906,0.029057633771414664,8,36.75025906398992,400,0.120976346341006,0.9179487878937779,3.1242308121775144,0.025571526893706415,0.804358879911345,"{""colsample_bytree"": 0.5263666978259255, ""gamma"": 0.0013393104394088906, ""learning_rate"": 0.029057633771414664, ""max_depth"": 8, ""min_child_weight"": 36.75025906398992, ""n_estimators"": 400, ""reg_lambda"": 0.120976346341006, ""subsample"": 0.9179487878937779}",COMPLETE
31,0.4589233146773791,2026-09-28 23:46:38.626922,2026-09-28 23:46:39.746176,0 days 00:00:01.119254,0.45251226685935686,0.014836970600350505,0.027276561265452432,8,35.35846992556927,400,0.03094572212678483,0.9077418624015745,3.125280971946913,0.022715257000895266,0.8039660321098789,"{""colsample_bytree"": 0.45251226685935686, ""gamma"": 0.014836970600350505, ""learning_rate"": 0.027276561265452432, ""max_depth"": 8, ""min_child_weight"": 35.35846992556927, ""n_estimators"": 400, ""reg_lambda"": 0.03094572212678483, ""subsample"": 0.9077418624015745}",COMPLETE
32,0.4604276434013392,2026-09-28 23:46:39.746219,2026-09-28 23:46:40.964782,0 days 00:00:01.218563,0.4318108641636361,0.005691698774802458,0.023214012836355647,7,32.769842307781154,500,0.038401863016527836,0.9826565522881637,3.1189943086991136,0.024787641481168656,0.804315681627387,"{""colsample_bytree"": 0.4318108641636361, ""gamma"": 0.005691698774802458, ""learning_rate"": 0.023214012836355647, ""max_depth"": 7, ""min_child_weight"": 32.769842307781154, ""n_estimators"": 500, ""reg_lambda"": 0.038401863016527836, ""subsample"": 0.9826565522881637}",COMPLETE
33,0.4608260579226277,2026-09-28 23:46:40.964825,2026-09-28 23:46:42.247076,0 days 00:00:01.282251,0.42823682847099515,0.0018411815563621381,0.02445835537100628,8,21.230893020438728,500,0.2384009921537362,0.9461009305238967,3.1137512073582867,0.02183362854227598,0.8049419434528682,"{""colsample_bytree"": 0.42823682847099515, ""gamma"": 0.0018411815563621381, ""learning_rate"": 0.02445835537100628, ""max_depth"": 8, ""min_child_weight"": 21.230893020438728, ""n_estimators"": 500, ""reg_lambda"": 0.2384009921537362, ""subsample"": 0.9461009305238967}",COMPLETE
34,0.45443272081016284,2026-09-28 23:46:42.247119,2026-09-28 23:46:42.926352,0 days 00:00:00.679233,0.49422343959505155,0.0025511954424179027,0.02391810952954983,7,17.003244358490846,200,0.1461211627036078,0.9528200319798502,3.080207674786859,0.022937118451055276,0.8012879777209558,"{""colsample_bytree"": 0.49422343959505155, ""gamma"": 0.0025511954424179027, ""learning_rate"": 0.02391810952954983, ""max_depth"": 7, ""min_child_weight"": 17.003244358490846, ""n_estimators"": 200, ""reg_lambda"": 0.1461211627036078, ""subsample"": 0.9528200319798502}",COMPLETE
35,0.4596859039968716,2026-09-28 23:46:42.926393,2026-09-28 23:46:44.417407,0 days 00:00:01.491014,0.5078748465040481,0.002880026835358967,0.019688861942342154,8,38.87077908653264,600,0.12461035726543108,0.9819585104746329,3.128431451255106,0.024750944741507817,0.8035824750000952,"{""colsample_bytree"": 0.5078748465040481, ""gamma"": 0.002880026835358967, ""learning_rate"": 0.019688861942342154, ""max_depth"": 8, ""min_child_weight"": 38.87077908653264, ""n_estimators"": 600, ""reg_lambda"": 0.12461035726543108, ""subsample"": 0.9819585104746329}",COMPLETE
36,0.4608613009647059,2026-09-28 23:46:44.417449,2026-09-28 23:46:45.894587,0 days 00:00:01.477138,0.4313119837406142,0.0017132200100485944,0.026962077146964053,8,30.17767437802304,600,0.06741353786618814,0.9205909061257724,3.1210902296629595,0.021951649327245096,0.8038661948829239,"{""colsample_bytree"": 0.4313119837406142, ""gamma"": 0.0017132200100485944, ""learning_rate"": 0.026962077146964053, ""max_depth"": 8, ""min_child_weight"": 30.17767437802304, ""n_estimators"": 600, ""reg_lambda"": 0.06741353786618814, ""subsample"": 0.9205909061257724}",COMPLETE
37,0.4558878176869598,2026-09-28 23:46:45.894633,2026-09-28 23:46:47.370702,0 days 00:00:01.476069,0.4374694495707795,0.0017846392243465832,0.02935398032207261,8,11.430250180498408,600,0.21020630040471336,0.9689133981931534,3.0885902589985035,0.01987706416763637,0.8026202327073998,"{""colsample_bytree"": 0.4374694495707795, ""gamma"": 0.0017846392243465832, ""learning_rate"": 0.02935398032207261, ""max_depth"": 8, ""min_child_weight"": 11.430250180498408, ""n_estimators"": 600, ""reg_lambda"": 0.21020630040471336, ""subsample"": 0.9689133981931534}",COMPLETE
38,0.45914712406965325,2026-09-28 23:46:47.370745,2026-09-28 23:46:48.275312,0 days 00:00:00.904567,0.4376833465659169,0.0016206749663699072,0.02552165741397417,8,22.57228801426593,300,0.8430823157885583,0.8899221794522811,3.120037870606086,0.022930187656901798,0.8046485287804513,"{""colsample_bytree"": 0.4376833465659169, ""gamma"": 0.0016206749663699072, ""learning_rate"": 0.02552165741397417, ""max_depth"": 8, ""min_child_weight"": 22.57228801426593, ""n_estimators"": 300, ""reg_lambda"": 0.8430823157885583, ""subsample"": 0.8899221794522811}",COMPLETE
39,0.45782834426046265,2026-09-28 23:46:48.275354,2026-09-28 23:46:49.190724,0 days 00:00:00.915370,0.4693893991176755,0.001143989906908298,0.026258837301580566,8,36.67366413301918,300,0.29320798031070544,0.9942014425928345,3.111659684969392,0.024124525853342297,0.8028106515314996,"{""colsample_bytree"": 0.4693893991176755, ""gamma"": 0.001143989906908298, ""learning_rate"": 0.026258837301580566, ""max_depth"": 8, ""min_child_weight"": 36.67366413301918, ""n_estimators"": 300, ""reg_lambda"": 0.29320798031070544, ""subsample"": 0.9942014425928345}",COMPLETE
40,0.4604776903898628,2026-09-28 23:46:49.190767,2026-09-28 23:46:50.885039,0 days 00:00:01.694272,0.4039356377076712,0.0022506210881319544,0.01451567080622244,8,19.216817693741994,700,0.12323812402111402,0.9285116618245297,3.118995408342851,0.02288908887773835,0.8052463396282988,"{""colsample_bytree"": 0.4039356377076712, ""gamma"": 0.0022506210881319544, ""learning_rate"": 0.01451567080622244, ""max_depth"": 8, ""min_child_weight"": 19.216817693741994, ""n_estimators"": 700, ""reg_lambda"": 0.12323812402111402, ""subsample"": 0.9285116618245297}",COMPLETE
41,0.455831244640025,2026-09-28 23:46:50.885077,2026-09-28 23:46:52.093702,0 days 00:00:01.208625,0.45082936702567117,0.002562582002170369,0.021735026045137676,7,48.07455916600439,500,0.11323189869841432,0.9480466941209219,3.1137534066457624,0.023973726962554707,0.803471564527916,"{""colsample_bytree"": 0.45082936702567117, ""gamma"": 0.002562582002170369, ""learning_rate"": 0.021735026045137676, ""max_depth"": 7, ""min_child_weight"": 48.07455916600439, ""n_estimators"": 500, ""reg_lambda"": 0.11323189869841432, ""subsample"": 0.9480466941209219}",COMPLETE
42,0.46096347707204666,2026-09-28 23:46:52.093746,2026-09-28 23:46:53.648243,0 days 00:00:01.554497,0.40752247011669046,0.0031240227811661666,0.018308095160354393,8,32.436255566149704,600,0.17161699302651656,0.9920790214547365,3.122140389432357,0.024770180082115578,0.8047717331486901,"{""colsample_bytree"": 0.40752247011669046, ""gamma"": 0.0031240227811661666, ""learning_rate"": 0.018308095160354393, ""max_depth"": 8, ""min_child_weight"": 32.436255566149704, ""n_estimators"": 600, ""reg_lambda"": 0.17161699302651656, ""subsample"": 0.9920790214547365}",COMPLETE
43,0.45935075265185016,2026-09-28 23:46:53.648286,2026-09-28 23:46:54.951823,0 days 00:00:01.303537,0.4632806158722643,0.0020689098664484927,0.030217994721021605,8,20.551521785749774,500,0.03466318254330808,0.8644706221897853,3.113744609495862,0.022791196048334822,0.80415139650754,"{""colsample_bytree"": 0.4632806158722643, ""gamma"": 0.0020689098664484927, ""learning_rate"": 0.030217994721021605, ""max_depth"": 8, ""min_child_weight"": 20.551521785749774, ""n_estimators"": 500, ""reg_lambda"": 0.03466318254330808, ""subsample"": 0.8644706221897853}",COMPLETE
44,0.45992690944037296,2026-09-28 23:46:54.951866,2026-09-28 23:46:56.462547,0 days 00:00:01.510681,0.4902577721863206,0.0017660854307637527,0.014202284426746157,8,22.94172537944477,600,0.28528521038909854,0.9665150412297889,3.120045568112249,0.02372475898638085,0.80430610567954,"{""colsample_bytree"": 0.4902577721863206, ""gamma"": 0.0017660854307637527, ""learning_rate"": 0.014202284426746157, ""max_depth"": 8, ""min_child_weight"": 22.94172537944477, ""n_estimators"": 600, ""reg_lambda"": 0.28528521038909854, ""subsample"": 0.9665150412297889}",COMPLETE
45,0.460959647391587,2026-09-28 23:46:56.462589,2026-09-28 23:46:58.340275,0 days 00:00:01.877686,0.42036535931028934,0.006160511801665163,0.01998894515940709,8,34.225658559013624,800,0.244929116532975,0.9723613885196125,3.1179419496422405,0.023248306677050256,0.8041335252419035,"{""colsample_bytree"": 0.42036535931028934, ""gamma"": 0.006160511801665163, ""learning_rate"": 0.01998894515940709, ""max_depth"": 8, ""min_child_weight"": 34.225658559013624, ""n_estimators"": 800, ""reg_lambda"": 0.244929116532975, ""subsample"": 0.9723613885196125}",COMPLETE
46,0.46020759183015947,2026-09-28 23:46:58.340319,2026-09-28 23:47:00.094743,0 days 00:00:01.754424,0.40552001650062924,0.0025828579469283222,0.018306464909611977,8,33.62587950131526,700,0.04413246320017,0.8958206784189531,3.127382391129446,0.02371247113793139,0.8041734143484763,"{""colsample_bytree"": 0.40552001650062924, ""gamma"": 0.0025828579469283222, ""learning_rate"": 0.018306464909611977, ""max_depth"": 8, ""min_child_weight"": 33.62587950131526, ""n_estimators"": 700, ""reg_lambda"": 0.04413246320017, ""subsample"": 0.8958206784189531}",COMPLETE
47,0.4560336434068608,2026-09-28 23:47:00.094814,2026-09-28 23:47:01.379907,0 days 00:00:01.285093,0.43156493506609717,0.005688686785616149,0.017231131742800627,8,42.54908634773035,500,0.08846625417403865,0.8900033799893665,3.102224741700875,0.02427073157171971,0.8024588102048955,"{""colsample_bytree"": 0.43156493506609717, ""gamma"": 0.005688686785616149, ""learning_rate"": 0.017231131742800627, ""max_depth"": 8, ""min_child_weight"": 42.54908634773035, ""n_estimators"": 500, ""reg_lambda"": 0.08846625417403865, ""subsample"": 0.8900033799893665}",COMPLETE
48,0.46059435811631494,2026-09-28 23:47:01.379951,2026-09-28 23:47:03.137457,0 days 00:00:01.757506,0.45353990113677206,0.006514679610131571,0.023721166364017332,7,38.85237083031235,800,0.1329737171767389,0.9975859354568224,3.126333331003786,0.0233868399533165,0.8050945736427657,"{""colsample_bytree"": 0.45353990113677206, ""gamma"": 0.006514679610131571, ""learning_rate"": 0.023721166364017332, ""max_depth"": 7, ""min_child_weight"": 38.85237083031235, ""n_estimators"": 800, ""reg_lambda"": 0.1329737171767389, ""subsample"": 0.9975859354568224}",COMPLETE
49,0.45877416716391234,2026-09-28 23:47:03.137501,2026-09-28 23:47:05.038903,0 days 00:00:01.901402,0.4254409044303512,0.0018167328231385475,0.017937614681449558,8,44.73476893071132,800,0.06120349588212761,0.9606632464772418,3.1106106248437313,0.023747376256404006,0.8038489516426168,"{""colsample_bytree"": 0.4254409044303512, ""gamma"": 0.0018167328231385475, ""learning_rate"": 0.017937614681449558, ""max_depth"": 8, ""min_child_weight"": 44.73476893071132, ""n_estimators"": 800, ""reg_lambda"": 0.06120349588212761, ""subsample"": 0.9606632464772418}",COMPLETE
50,0.4581162942008172,2026-09-28 23:47:05.038945,2026-09-28 23:47:06.487792,0 days 00:00:01.448847,0.44882234666791254,0.005705619142309348,0.028832407186528353,8,16.772261134332158,600,0.06677286522177762,0.9858108609452517,3.1095527675681707,0.022068508933311113,0.8030352125431988,"{""colsample_bytree"": 0.44882234666791254, ""gamma"": 0.005705619142309348, ""learning_rate"": 0.028832407186528353, ""max_depth"": 8, ""min_child_weight"": 16.772261134332158, ""n_estimators"": 600, ""reg_lambda"": 0.06677286522177762, ""subsample"": 0.9858108609452517}",COMPLETE
51,0.4594510401001391,2026-09-28 23:47:06.487834,2026-09-28 23:47:07.988913,0 days 00:00:01.501079,0.41012984772776706,0.001940083482289422,0.02628062456674764,8,35.16069442426538,600,0.5681252653506668,0.9203920874754374,3.1189998069178015,0.021087699639785098,0.8038170984227687,"{""colsample_bytree"": 0.41012984772776706, ""gamma"": 0.001940083482289422, ""learning_rate"": 0.02628062456674764, ""max_depth"": 8, ""min_child_weight"": 35.16069442426538, ""n_estimators"": 600, ""reg_lambda"": 0.5681252653506668, ""subsample"": 0.9203920874754374}",COMPLETE
52,0.4619674818418892,2026-09-28 23:47:07.988957,2026-09-28 23:47:09.496466,0 days 00:00:01.507509,0.44880451406852706,0.0025147598559326213,0.020366538010918245,8,31.393374248359805,600,0.05242941087828755,0.9950572245986943,3.128433650542582,0.025159473133088594,0.804937299399773,"{""colsample_bytree"": 0.44880451406852706, ""gamma"": 0.0025147598559326213, ""learning_rate"": 0.020366538010918245, ""max_depth"": 8, ""min_child_weight"": 31.393374248359805, ""n_estimators"": 600, ""reg_lambda"": 0.05242941087828755, ""subsample"": 0.9950572245986943}",COMPLETE
53,0.45589078354309526,2026-09-28 23:47:09.496511,2026-09-28 23:47:10.709214,0 days 00:00:01.212703,0.41015706403278,0.0034550620030478064,0.01449186140327975,7,34.270005888681375,500,0.10358644334047985,0.9830739451772283,3.0854529754151603,0.0243096988695874,0.8019290685227917,"{""colsample_bytree"": 0.41015706403278, ""gamma"": 0.0034550620030478064, ""learning_rate"": 0.01449186140327975, ""max_depth"": 7, ""min_child_weight"": 34.270005888681375, ""n_estimators"": 500, ""reg_lambda"": 0.10358644334047985, ""subsample"": 0.9830739451772283}",COMPLETE
54,0.4566613505638508,2026-09-28 23:47:10.709257,2026-09-28 23:47:12.223455,0 days 00:00:01.514198,0.41901235436389184,0.002864359515794229,0.016603532860333375,8,45.8341225403349,600,0.20297435071232187,0.9381231308779666,3.1200477673997242,0.023486849473995104,0.8029943491583902,"{""colsample_bytree"": 0.41901235436389184, ""gamma"": 0.002864359515794229, ""learning_rate"": 0.016603532860333375, ""max_depth"": 8, ""min_child_weight"": 45.8341225403349, ""n_estimators"": 600, ""reg_lambda"": 0.20297435071232187, ""subsample"": 0.9381231308779666}",COMPLETE
55,0.4605903322538312,2026-09-28 23:47:12.223501,2026-09-28 23:47:13.335666,0 days 00:00:01.112165,0.46750841634082374,0.00456105047722598,0.02884085596936681,8,30.71724067042914,400,0.2284562963726701,0.9284278180248907,3.128429251967631,0.023475916354852362,0.8044263835354324,"{""colsample_bytree"": 0.46750841634082374, ""gamma"": 0.00456105047722598, ""learning_rate"": 0.02884085596936681, ""max_depth"": 8, ""min_child_weight"": 30.71724067042914, ""n_estimators"": 400, ""reg_lambda"": 0.2284562963726701, ""subsample"": 0.9284278180248907}",COMPLETE
56,0.46077855073856283,2026-09-28 23:47:13.335717,2026-09-28 23:47:14.852762,0 days 00:00:01.517045,0.46482803885712226,0.011455037374789033,0.02258596762468653,8,27.34314241009693,600,0.3319961223480111,0.9646987037278325,3.1284270526801556,0.02375584696330492,0.804639509579663,"{""colsample_bytree"": 0.46482803885712226, ""gamma"": 0.011455037374789033, ""learning_rate"": 0.02258596762468653, ""max_depth"": 8, ""min_child_weight"": 27.34314241009693, ""n_estimators"": 600, ""reg_lambda"": 0.3319961223480111, ""subsample"": 0.9646987037278325}",COMPLETE
57,0.46097595513157624,2026-09-28 23:47:14.852800,2026-09-28 23:47:16.544724,0 days 00:00:01.691924,0.42315744614549167,0.004172038644405203,0.018109281575438795,8,29.538633844547622,700,0.10667623431162881,0.9963313636076325,3.117948547504666,0.025060129962624522,0.8049045315875419,"{""colsample_bytree"": 0.42315744614549167, ""gamma"": 0.004172038644405203, ""learning_rate"": 0.018109281575438795, ""max_depth"": 8, ""min_child_weight"": 29.538633844547622, ""n_estimators"": 700, ""reg_lambda"": 0.10667623431162881, ""subsample"": 0.9963313636076325}",COMPLETE
58,0.46219350911869644,2026-09-28 23:47:16.544770,2026-09-28 23:47:17.805043,0 days 00:00:01.260273,0.4374630811571249,0.0017464724962306924,0.029729427473176095,8,35.83730969717438,500,0.09153660562562407,0.9919343581019139,3.1242385096836776,0.023896932033333193,0.8045054557407028,"{""colsample_bytree"": 0.4374630811571249, ""gamma"": 0.0017464724962306924, ""learning_rate"": 0.029729427473176095, ""max_depth"": 8, ""min_child_weight"": 35.83730969717438, ""n_estimators"": 500, ""reg_lambda"": 0.09153660562562407, ""subsample"": 0.9919343581019139}",COMPLETE
59,0.46080257344141584,2026-09-28 23:47:17.805085,2026-09-28 23:47:19.263699,0 days 00:00:01.458614,0.419534827686835,0.0023571273337099317,0.02910364738818227,8,35.75026236548827,600,0.029860180332768667,0.995645488884845,3.1284303516113687,0.022790257634271407,0.8039664185869391,"{""colsample_bytree"": 0.419534827686835, ""gamma"": 0.0023571273337099317, ""learning_rate"": 0.02910364738818227, ""max_depth"": 8, ""min_child_weight"": 35.75026236548827, ""n_estimators"": 600, ""reg_lambda"": 0.029860180332768667, ""subsample"": 0.995645488884845}",COMPLETE
